（～に）かんどうする,To be moved/touched (by),（～に）感動する,irr-verb
（～の）ちかく,Near / Nearby,（～の）近く,other
（A)(と)(B)(の）,. . . Is between (A) and (B),間,other
(Person)(に)(thing)(に)　もらう,To receive (something) from (person),null,u-verb
（Thing)（が）ほしい,to want,（Thing)（が）欲しい,adjective
（お）たんじょうびおめでとう,Happy Birthday,null,other
（こうくうびん）でおねがいします。,Make this (an airmail)、Please. (Post Office),（航空便）でお願いします。,other
（めがねを）かける,To put on (glasses),null,u-verb
～あいだに,while .  . .,～間に,other
～いか,. . . or less,～以下,other
～いがい,other than . . .,～以外,other
～いき,Bound for . . .,～行き,other
～いじょう,. . . or more,～以上,other
～いじょう,... or more,～以上,other
～いない,within . . .,～以内,other
～えん,. . . Yen,null,other
～おめでとう（ございます）,Congratulations on . . .,null,other
～が,. . . but,null,other
～か～,or,null,other
～かい,. . . times,～回,other
～かい,...th floor,～階,other
～かげつ,for . . . months,～か月,other
～がとくいです,is comfortable with . . . (a skill ),null,other
～かな（あ）,I wonder . . .(casual),null,other
～がにてです,is uncomfortable with . . . (a skill ),null,other
～から,because . . .,null,other
～から,From . . .,null,other
～ぎょうめ,Line Number . . .,～行目,noun
～キロ,. . . kilometers / . . . kilograms,null,other
～ぐらい,About (approximate measurements),null,other
～くん,mr. / mrs .  .  . (casual),～君,other
～けど,. . .、but / . . .、so,null,other
～こ,(Generic counter for smaller items),～個,other
～ご,. . . Language (Type of language),null,noun
～ご,in . . . times / after . . .,～後,other
～ごろ,At about . . .,null,other
～さい,. . . Years old,null,other
～さつ,(counter for bound volumes),～冊,other
～さま,mr. / ms. . . .,～様,other
～さん,Mr./Mrs.,null,noun
～じ,. . . O'clock,null,other
～じかん,. . . Hours,～時間,noun
～しゅうかん,for . . . weeks,～週間,other
～じん,. . . People (Type of people),null,noun
～だい,(counter for equipment),～台,other
～だい,charge / fee,～代,noun
～だけ,just . . . / only . . .,null,other
～たち,( makes a noun plural),null,other
～ちゅう,while . . .,～中,other
～つき,(At the hotel) with . . .,～付,other
～で,by (means of transportation) / with (a tool),null,other
～ていらっしゃる,honorific for: ～ている,null,u-verb
～ておる,Extra-modest expression for ～ている,null,u-verb
～でござる,Extra-modest expression for です,null,u-verb
～でしょう,Probably / . . . 、right?,null,other
～てん,. . . points,～点,other
～と,Together with (a person),null,other
～ど,. . . degrees (temperature),～渡,other
～とか,. . . for example,null,other
～ともうします,My name is . . .,～と申します,other
～など,And so forth,null,other
～にくらべて,compared with . . .,～に比べて,other
～について,About . . . / Concerning . . .,null,other
～によると,according to . . .,null,other
～にん,(counter for people),～人,other
～ねん,. . . Years,～年,other
～ねんかん,for . . . years,～年間,other
～ねんせい,. . . Year student,null,other
～のあと,After . . .,～の後,other
～のおおく,many of . . .,～の多く,other
～のしょうかいで,through the introduction of,～の紹介で,other
～のために,for . . .,null,other
～のための,for the sake of . . .,null,other
～のど,because . . .,null,other
～のまうえ,right above . . .,～の真上,other
～のようなもの,something like . . .,null,other
～はく,(At the hotel) . . . nights,～泊,other
～ばん,Number . . .,～番,noun
～ばん,number . . .,～番,other
～ばんせん,Track number . . .,～番線,noun
～ひき,(counter for smaller animals),～匹,other
～ページ,Page number . . .,null,noun
～ほうめん,Serving . . . areas,～方面,other
～ぼしゅう,Looking for . . .,～募集,other
～ほん,(counter for long objects),～本,other
～まい,Counter for flat objects,～枚,other
～まで,to (a place) / as far s (a place) / till (a time),null,other
～までに,by (time/date),null,other
～みたいな　X,X such as . . .,null,other
～め,-th,～目,other
～めい,(At the hotel) . . . person(s),～名,other
～めいさま,party of . . . people,～名様,other
～や,. . . shop,～屋,noun
１０ページをみてください,Please look at page 10.,null,other
３センチぐらいきってください,(Barber/Beauty Salon) please cut off about 3 centimeters,３センチぐらい切ってください,other
CD（シーディー）,CD,null,noun
DVD（ディーブイディー）,DVD,null,noun
Tシャツ,T-Shirt,null,noun
あいかわらず,as usual,相変わらず,other
あいす,to love,愛する,u-verb
あいず,signal,合図,noun
アイスクリーム,Ice Cream,null,noun
あいだ,Between,間,noun
あいて,partner,相手,noun
アイロンをかける,to Iron (clothes),null,ru-verb
あう,To meet / to see (a person),会う,u-verb
アウトドア,Outdoor activities,null,noun
あお,Blue Color,青,noun
あおい,Blue,青い,adjective
あおしんごう,Green Light,青信号,noun
あおぞら,Blue Sky,青空,noun
あか,Red Color,赤,noun
あかい,Red,赤い,adjective
あかいかばん,Red Bag,赤いかばん,noun
あかがいちばんすきです,I like red the best,赤がいちばん好きです,other
あかじ,Deficit,赤字,noun
あかちゃん,Baby,赤ちゃん,noun
あかにそめてください,(Barber/Beauty Salon) please dye my hair red,赤にそめてください,other
あかるい,bright,明るい,adjective
あかるい,Cheerful / Bright,明るい,noun
あき,autumn,秋,noun
あき,Fall,秋,noun
あきがっき,fall semester,秋学期,noun
あきらめる,to give up,null,ru-verb
あく,(something) opens,開く,u-verb
あく,(something) opens,開く,u-verb
あく,to be vacant,空く,other
あくま,devil,悪魔,noun
あける,To open (something),開ける,ru-verb
あげる,to give ( to others),null,ru-verb
あさ,Morning,朝,noun
あさごはん,Breakfast,朝ご飯,noun
あさって,The day after tomorrow,null,noun
あさねぼうする,To oversleep,朝寝坊する,irr-verb
あし,Leg / Foot,足,noun
あじ,taste,味,other
アジアけんきゅう,Asian Studies,null,noun
あした,Tomorrow,明日,noun
あしのほねをおりました,I broke my leg,足の骨を折りました,other
あそぶ,To play / To spend time pleasantly,遊ぶ,u-verb
あたたかい,Warm,暖かい,adjective
あたま,Head,頭,noun
あたまがいい,Bright / smart / clever (conjugates like いい),頭がい,adjective
あたらしい,New,新しい,adjective
あたる,to hit,当たる,u-verb
あちら,that way (polite),null,noun
あつい,Hot,暑い,adjective
あつめる,to collect,集める,ru-verb
あと,After ( an event),後,other
あと,the rest,後,noun
あとで,Later on,後で,other
アドバイス,Advice,null,noun
あなた,You,null,noun
あに,(my) my older brother,兄,noun
アニメ,animation,null,noun
あね,(My) older sister,姉,noun
あの。。。,um . . .,null,other
あのか,seven days,七日,other
アパート,Apartment,null,noun
あぶない,dangerous,危ない,adjective
あまい,Sweet,甘い,adjective
あまのがわ,The Milky Way,天の川,noun
あまり ＋ Negative,Not much,null,other
あまりみじかくしないでください,(Barber/Beauty Salon) Please don't make it too short,あまり短くしないでください,other
あめ,Rain,雨,noun
あめがふる,It rains,雨が降る,u-verb
アメリカ,America / U.S.A,null,noun
あやまる,to apologize,謝る,u-verb
あらう,To wash,洗う,u-verb
あらわす,to express,表す,u-verb
ありがとう,Thank you,null,other
ありがとうございます,Thank you (polite),null,other
ある,There is a (thing) at (place),有る,u-verb
ある～,One . . . (ある日 one day),null,other
あるいて,On foot,歩いて,other
あるく,to walk,歩く,u-verb
アルバイト,Part-time job,null,noun
アレルギーがあります,I have an allergy to . . .,null,other
あん,idea / proposal,案,noun
あんきする,to memorize,暗記する,irr-verb
アンケート,Questionnaire,null,noun
あんしょうばんごう,Personal Identification number (At the bank),暗証番号,other
あんしん,relief,安心,other
あんぜん,safety,部屋,noun
あんぜん（な）,safe,安全（な）,adjective
あんないじょ,information desk,案内所,noun
あんないする,to guide,案内する,irr-verb
あんないする,To show ( someone) around,案内する,irr-verb
あんなに,so / such,null,other
いい,Good,null,adjective
いいえ,No / Not at all,null,other
いいこ,Good Child,いい子,noun
いいこと,Good deed,null,noun
いいん,clinic,医院,noun
いう,To say,言う,u-verb
いえ,House / Home,家,noun
いかが   ,How (polite expression of どう),null,other
いがく,medical science,医学,noun
イギリス,Britain,null,noun
いく,To go,行く,u-verb
いくら,How much,null,other
いけばな,flower arrangement,生け花,noun
いけん,Opinion,意見,noun
いじめる,to bully,null,ru-verb
いしゃ,Doctor,医者,noun
いじゅうする,To immigrate,移住する,irr-verb
いじわる（な）,Mean-spirited,意地悪（な）,adjective
いす,Chair,null,noun
いぜん,before / formerly,～以前,other
いそがしい,Busy,忙しい,adjective
いそぐ,To hurry,急ぐ,u-verb
いたい,Hurt / Painful,痛い,adjective
いたい,painful,痛い,adjective
いたす,Extra-modest expression for する,致す,u-verb
いただきます,Thank you for the meal (before eating),null,other
いただく,Extra-modest expression for たべ／のむ,頂く,u-verb
いただく,Humble expression for もらう,頂く,u-verb
いたみどめ,painkiller,痛み止め,noun
いたみどめです。しょくごにのんでください。,These are painkillers. Please take one after meals. (Health and Illness / Doctor's Office),痛み止めです。食後に飲んでください。,other
イタリア,Italy,null,noun
いち,One,一,noun
いちがつ,January,一月,noun
いちぎょうめ,First line,一行目,noun
いちごうしゃ,Car No. 1 (At the station),一号車,noun
いちじ,One o'clock,一時,noun
いちど,Once,一度,noun
いちにち,one day,一日,other
いちにちじゅう,All day long,一日中,other
いちねんじゅう,All year round,一年中,noun
いちねんせい,First-year student,一年生,noun
いちねんにいちど,Once a year,一年に一度,other
いちば,Market,市場,noun
いちばん,Best,一番,other
いちばん,the first,一番,other
いちばんうしろ,Last car / Tail end (At the station),いちばん後ろ,noun
いちばんまえ,First car / Front end (At the station),いちばん前,noun
いちまい,one sheet,一枚,noun
いちまん,Ten thousand,一万,noun
いちまんえんさつをせんえんさつじゅうまいにりょうがえできますか, (At the bank) Can you change a ten thousand yen bill into ten thousand yen bills?,一万円札を千円札十枚に両替できますか,other
いつ,When,null,noun
いつか,5th day of the month,五日,noun
いつか,five days,五日,other
いっかい,one time,一回,noun
いっかげつ,One Month,一か月,noun
いっしゅうかん,one week,一週間,noun
いっしょうけんめい,very hard,一生懸命,other
いっしょうにいちど,Once in a life time,一生に一度,noun
いっしょに,Together,一緒に,other
いっそく,one pair of shoes,一足,noun
いつつ,Five,五つ,noun
いっつい,a pair,一対,noun
いってきます,I'll go and come back,null,other
いってらっしゃい,Please go and come back,null,other
いっぱくいくらですか,(At the hotel) How many people?,何名様ですか,other
いっぱくにしょくつき,(At the hotel) one night with two meals,一泊二食付,other
いっぱくにしょくつきでおひとりさま、いちまんにせんえんです,(At the hotel) For one night with two meals、 twelve thousand yen,一泊に食付でお一人で様、一万二千円です,other
いっぷん,One minute,一分,noun
いっぽ,one step,一歩,noun
いつも,Always,null,other
いなか,countryside,null,noun
いぬ,Dog,犬,noun
いま,Now,今,noun
いますぐ,right away,今すぐ,other
いみ,Meaning,意味,noun
いもうと,Younger Sister,妹,noun
いらしゃいませ,Welcome ( to our store).,null,other
いらっしゃいませ,(someone honorable) is present/home,null,other
いらっしゃる,honorific for いく/くる/いる,null,u-verb
いりぐち,Entrance (At the station),入り口／入口,noun
いる,(a person) is in/stays at a (place),null,ru-verb
いる,To need,null,u-verb
いれる,to make tea/coffee/etc.,null,ru-verb
いれる,To put (something) in,入れる,ru-verb
いろ,Color,色,noun
いろいろ（な）,Various / Different kinds of,色々（な）,adjective
いろいろおせわになりました,Thank you for everything,null,other
いろいろなところ,Various Places,いろいろな所,noun
いんしゅうんてん,Drunken driving,飲酒運転,noun
インターネット,Internet,null,noun
ううん,Uh-Uh / No,null,other
うえ,On,上,other
うえ,Top / Above,上,noun
ウエイター,Waiter,null,noun
うおいちば,fish market,魚市場,noun
うかがう,To humbly visit / To humbly ask,伺う,u-verb
うき,Rainy,雨,noun
うけつけ,reception desk,受付,noun
うける,to take (an examination),受ける,ru-verb
うごく,to move,動く,u-verb
うし,Cow,牛,noun
うしろ,(Barber/Beauty Salon) backside(of head),後ろ,noun
うしろ,Back (of) / Behind (of),後ろ,other
うしろをそろえてください,(Barber/Beauty Salon) please cut the back all the same length,後ろをそろえてください,other
うせつ,Right turn,右折,noun
うそをつく,To tell a lie,null,u-verb
うた,Song,歌,noun
うたう,To sing,歌う,adjective
うち,House / Home / My place,家,noun
うちがわ,inside,内側,other
うちゅうじん,space alien,宇宙人,noun
うちゅうひこうし,Astronaut,宇宙飛行士,noun
うつす,to copy,写す,u-verb
うつる,To be reflected,映る,u-verb
うまく,well / successfully / skilfully,null,other
うまくいく,to go well,null,u-verb
うまれる,To be born,生まれる,u-verb
うみ,Sea,海,noun
うらない,fortune telling,占い,noun
うらやましい,envious,null,adjective
うらやましがる,(somebody is) envious,null,u-verb
うる,to sell,売る,u-verb
うるさい,noisy / annoying,null,adjective
うれしい,Glad,null,adjective
うれる,to be sold,売れる,ru-verb
うん,Uh-Huh / Yes,null,other
うんがいい,lucky,運がいい,adjective
うんてん,driving,運転,noun
うんてんする,To drive,運転する,irr-verb
うんどう,exercise,運動,noun
うんどうする,To do physical exercises,運動する,irr-verb
うんめい,fate,運命,noun
え,Painting / Picture / Drawing,絵,noun
エアコン,air conditioner,null,noun
えいが,Movie,映画,noun
えいかいわ,englis conversation,英会話,noun
えいがかん,Movie theater,映画館,noun
えいきょうをうける,to be affected,影響を受ける,ru-verb
えいご,English Language,英語,noun
えいこく,england,英国,noun
えいゆう,hero,英雄,noun
ええ,Yes (Less formal),null,other
ええと,well . . . / let me see . . .,null,other
えがお,smiling face,笑顔,noun
えき,Station,駅,noun
えきいん,Station attendant,駅員,noun
えきまえ,vicinity / infront of the station,駅前,other
えさ,feed,null,noun
えど,former name of tokyo,江戸,noun
えどじだい,edo period (1603-1867),江戸時代,noun
えらぶ,to choose / to select,選ぶ,u-verb
えん,Circle,円,noun
えんだか,Strong yen,円高,noun
えんぴつ,Pencil,null,noun
えんりょする,to hold back for the time being / to refrain from,遠慮する,irr-verb
おあいできるのをたのしみにしています,I am looking forward to seeing you,お会いできるのを楽しみにしております。,other
おあずけいれ, (ATM) deposit,お預け入れ,other
おいくつですか,How old are you?,null,other
おいしい,Delicious,null,noun
おいのりする,to pray,お祈りする,ru-verb
おうぞく,Member of royalty,王族,noun
おうふく,Round Trip (At the station),往復,noun
おおい,many,多い,other
おおい,There are many . . .,多い,adjective
おおきい,Big,大きい,adjective
おおきい,Large,大きい,adjective
おおきさ,size,大きさ,noun
おおくの～,many . . .,多くの～,other
おおさかちゃく,arriving at osaka,大阪着,other
オーストラリア,Australia,null,noun
おおむかし,Ancient times,大昔,noun
おおもじ,Uppercase Letters,大文字,noun
おおやさん,Landlord / Landlady,大家さん,noun
おかあさん,Mother,お母さん,noun
おかえし,return (as a token of gratitude),お返し,noun
おかえり（なさい）,Welcome home,null,other
おかげで,thanks to . . .,null,other
おかし,Snacks / Sweets,お菓子,noun
おかね,Money,お金,noun
おかねもち,Rich person,お金持ち,noun
おかねをおろします, (At the bank) I will withdraw money.,お金をおろします,other
おがわさん,Mr./Ms. Ogawa,小川さん,noun
おきゃくさま,dear customer,お客様,noun
おきゃくさまのおんあまえとおでんわばんごをおねがいします,(At the hotel) Your ame and phone number、 please.,お客様のお名前とお電話番号をお願いします,other
おきゃくさん,guest / visitor / client / customer,お客さん,noun
おきる,To get up,起きる,ru-verb
おく,to put / to lay / to place,置く,u-verb
おくさま,(your/his) wife (polite),奥様,noun
おくさん,(your/his) wife,奥さん,noun
おくじょう,Rooftop,屋上,noun
おくない,indoor,屋内,noun
おくる,to send,送る,u-verb
おくる,to walk / drive (someone),送る,u-verb
おくれる,to be late,遅れる,ru-verb
おくれる,to become late,遅れる,ru-verb
おこさん,(your/their) child (polite),お子さん,noun
おこす,To wake someone up,起こす,u-verb
おこる,To get angry,怒る,u-verb
おこる,to occur / to happen,起こる,u-verb
おごる,to treat (someone) to a meal,null,u-verb
おさきにしつれいします,See you. (I'm leaving ahead of you),お先に失礼します,other
おさけ,Sake / Alcohol,お酒,noun
おじいさん,Grandfather; old man,null,noun
おしえる,To teach / To instruct (something) to (a person),教える,ru-verb
おじさん,uncle / middle-aged man,null,noun
おしょうがつ,New Year,お正月,noun
おじょうさん,(someone's) daughter (polite),お嬢さん,noun
おしり,Buttocks,null,noun
おしろ,Castle,null,noun
おす,to press / to push,押す,u-verb
おせいぼ,year-end gift,お歳暮,noun
おせわになる,to be in someone's care,お世話になる,u-verb
おそい,late,遅い,adjective
おそい,Slow / Late,遅い,adjective
おそく,(do something) late,遅く,other
おそくなる,To be late,遅くなる,u-verb
おだいじに,Get well soon,お大事に,other
おだいじに。,Please take care. (Health and Illness / Doctor's Office),お大事に。,other
おたく,(someone's) house/home,お宅,noun
おちこむ,To get depressed,null,u-verb
おちゃ,Green Tea,お茶,noun
おちゃ,japanese tea,お茶,noun
おちる,(something) drops,落ちる,ru-verb
おつかい,Errand,お使い,noun
おつかれさま（でした）,You must be tired after working so hard.,お疲れ様（でした）,other
おっしゃる,honorific for いう,null,u-verb
おてあらい,Restroom,お手洗い,noun
おてら,Temple,お寺,noun
おと,sound,音,noun
おとうさん,Father,お父さん,noun
おとうと,younger brother,弟,noun
おとこ,Man,男,noun
おとこのこ,Boy,男の子,noun
おとこのひと,Man,男の人,noun
おとされる,to be dropped,落とされる,ru-verb
おとす,to drop (something),落とす,u-verb
おととい,The day before yesterday,null,noun
おととし,The year before last,null,noun
おとな,Adult,大人,noun
おどる,To dance,踊る,u-verb
おなか,Stomach,null,noun
おなかがすく,To become hungry,null,u-verb
おなじ,the same,同じ,other
おにいさん,Older brother,お兄さん,noun
おにぎり,rice ball,null,noun
おねえさん,Older sister,お姉さん,noun
おねがいします,. . .、please.,null,other
おねがいする,to pray for help,お願いする,irr-verb
おのさん,mr./ms. ono,小野さん,noun
おばあさん,Grandmother/old woman,null,noun
おばさん,aunt / middle-aged woman,null,noun
おはよう,Good morning,null,other
おはようございます,Good morning (polite),null,other
おひきだし, (ATM) withdrawal,お引き出し,other
おふりこみ, (ATM) bank transfer,お振込み,other
おふろ,Bath,お風呂,noun
おふろにはいる,To take a bath,お風呂に入る,u-verb
おべんとう,Boxed lunch,お弁当,noun
おべんとう,lunch box,お弁当,noun
おぼえる,To memorize,覚える,ru-verb
おまつり,Festival,おまつり,noun
おまもり,charm (against evils) / amulet,お守り,noun
おまんじゅう,Sweet Bun,null,noun
おみやげ,Souvenir,お土産,noun
おむ,To knit,編む,u-verb
おもい,heavy / serious (illness),重い,adjective
おもいだす,To recall / To remember,思い出す,u-verb
おもう,To think,思う,u-verb
おもしろい,Interesting / Funny,面白い,adjective
おもち,rice cake,null,noun
おもちゃ,Toy,null,noun
おもて,the front,表,noun
おもに,mainly,主に,noun
おや,parents,親,noun
おや？,Oh?,null,other
おやすみ（なさい）,Good night,null,other
おやすみになる,honorific for ねる,お休みになる,u-verb
おゆ,hot water,お湯,noun
おゆがわく,water boils,お湯が沸く,u-verb
おゆをわかす,to boil water,お湯を沸かす,u-verb
およぐ,To swim,泳ぐ,u-verb
おりる,To get off,降りる,ru-verb
おる,Extra-modest expression for いる,null,u-verb
おれい,expression of gratitude,お礼,noun
おろす,to withdraw (money),下ろす,u-verb
おわり,end,終わり,noun
おわる,(Something) ends,終わる,u-verb
おわる,to come to an end,終わる,u-verb
おんがく,Music,音楽,noun
おんせいがく,phonetics,音声学,noun
おんせん,Spa / Hot spring,温泉,noun
おんど,Temperature,温度,noun
おんな,Woman,女,noun
おんないする,To show someone around,null,irr-verb
おんなのこ,Girl,女の子,noun
おんなのひと,Woman,女の人,noun
か,mosquito,蚊,noun
カーテン,Curtain,null,noun
かいいん,Member,会員,noun
かいがい,overseas,海外,noun
かいがん,coast,海岸,noun
かいぎ,business meeting / conference,会議,noun
かいぎ,Meeting,会議,noun
がいこく,Foreign Country,外国,noun
がいこくご,foreign language,外国語,noun
がいこくじん,Foreigner,外国人,noun
かいさつ,Gate,改札,noun
かいし,start,開始,noun
かいしゃ,Company,会社,noun
かいしゃいん,Office Worker,会社員,noun
かいすうけん,Coupons,回数券,noun
かいそうでんしゃ,out-of-service train,回送電車,noun
かいそうバス,out-of-service bus,回送バス,noun
かいだん,Stairs (At the station),階段,noun
かいてん,opening of a store,開店,noun
かいてんずし,rotating sushi,回転ずし,noun
かいもの,Shopping,買い物,noun
かいわ,Conversation,会話,noun
かう,To buy,買う,u-verb
かう,To own (a pet),飼う,u-verb
かえす,To return (a thing) to (Person),返す,u-verb
かえってくる,to come back home,帰ってくる,irr-verb
かえり,Return,帰り,noun
かえる,To go back / To return,帰る,u-verb
かえる,To return,帰る,u-verb
かお,Face,顔,noun
かおがあおいですね,You look pale,顔が青いですね,other
がか,Painter,画家,noun
かがく,Science,null,noun
かかりのもの,our person in charge,係の者,noun
かかる,To take (amount of time / money),null,u-verb
かぎ,lock / key,null,noun
かきとめ,Registered mail,書留,noun
かぎをかける,to lock,null,ru-verb
かく,To draw / to paint,描く,u-verb
かく,To write (person) (a thing),書く,u-verb
かぐ,Furniture,家具,noun
がくしゃ,scholar,学者,noun
がくせい,Student,学生,noun
がくぶ,Department / Faculty,学部,noun
がくわり,Student discount,学割,noun
がくわりがつかえますか,Can I get a student discount (At the station),学割が使えますか,other
かける,to sit down,null,ru-verb
かこ,the past,過去,noun
かさ,Bamboo hat,null,noun
かさ,Umbrella,null,noun
かさねる,to pile up,重ねる,ru-verb
かざん,Volcano,火山,noun
かし,Lyrics,歌手,noun
かじ,Fire,火事,noun
かじ,household matters,家事,noun
かしこまりました,certainly,null,other
かしだし,lending,貸し出し,noun
かしゅ,Singer,歌手,noun
かす,To lend / to rent,貸す,u-verb
かぜ,Cold (illness),風邪,noun
かぜ,wind,風,noun
かせい,Mars,火星,noun
かぜがふく,the wind blows,風が吹く,u-verb
かぜをひく,to catch a cold,風邪をひく,u-verb
かぞえる,to count,数える,ru-verb
かぞく,Family,家族,noun
ガソリン,gasoline,null,noun
かた,Shoulder,肩,noun
かたいいいかた,Bookish expression,かたい言い方,noun
かたづける,to tidy up,片付ける,ru-verb
かたみち,One way (At the station),片道ｓ,noun
かつ,to win,勝つ,u-verb
がっかりする,to be disappointed,null,irr-verb
かっき,Liveliness,活気,noun
がっき,musical instrument,楽器,noun
かっこ,Parenthesis,null,noun
かっこいい ,Good-looking (conjugates like いい),null,adjective
がっこう,School, 学校,noun
カット,(Barber/Beauty Salon) cut,null,noun
カット（パーム）おねがいします,(Barber/Beauty Salon) I would like to have a hair cut (permanent),カット（パーム）お願いします,other
かつどう,Activity,活動,noun
かっぱつ（な）,Active,活発（な）,adjective
かつよう,Conjugation,活用,noun
かていきょうし,tutor,家庭教師,noun
かど,corner,角,noun
かない,My wife,家内,noun
かなう,To be realized,null,u-verb
かなしい,Sad,悲しい,adjective
かのじょ,Girlfriend / She,彼女,noun
かのじょ,she / girlfriend,彼女,noun
かばん,Bag,null,noun
かぶき,Kabuki / Traditional Japanese theatrical art,歌舞伎,noun
かぶせる,To put (a hat) on a (person)'s head,null,ru-verb
かぶる,To put on (a hat),null,u-verb
かふんしょう,hay fever,花粉症,noun
かふんしょうです,I have hay fever.,花粉症です,other
かまくらいきのでんしゃはどれですか。。。にばんせんです,Which one is the train bound for kamakura? ... Track number two. (At the station),鎌倉行きの電車はどれですか。。。にばんせんです,other
かみ,Hair,髪,noun
かみ,Paper,紙,noun
かみがた,(Barber/Beauty Salon) hair style,髪形,noun
かみさま,God,神さま,noun
かみざら,paper plate,紙皿,noun
かみをとかす,to comb one's hair,髪をたかす,u-verb
かめ,turtle,null,noun
カメラ,Camera,null,noun
かよう,to commute to,通う,ru-verb
かようび,Tuesday,火曜日,noun
からい,Hot and spicy / Salty,辛い,adjective
カラオケ,Karaoke,null,noun
からだ,body,体,noun
からだにいい,good for health,体にいい,other
からだにきをつけてください,Please take care of yourself,体に気をつけてください,other
からだにきをつける,To take care of one self,からだに気をつける,u-verb
からて,karate,空手,noun
かりる,to borrow,借りる,ru-verb
かりる,To borrow a (thing) from (a person),借りる,ru-verb
かる,(Barber/Beauty Salon) to crop,刈る,u-verb
かるい,light (weight),軽い,adjective
かれ,Boyfriend / He,彼,noun
かれ,He / boyfriend,彼,noun
カレー,curry,null,noun
かれら,they,彼ら,noun
かわ,River,川,noun
かわいい,cute,null,adjective
かわいそう（な）,Pitiful,null,adjective
かわぐちし,Kawaguchi City,川口市,noun
かわりに,instead,代わりに,other
がんか,ophthalmologist,眼科,noun
かんがえ,idea,考え,noun
かんがえる,to think,考える,ru-verb
かんがえる,to think (about) / to consider,考える,ru-verb
かんきょう,environment,環境,noun
かんこうする,To do sightseeing,観光する,irr-verb
かんこく,Korea,null,noun
かんこく,South Korea,韓国,noun
かんごし,Nurse,看護師,noun
かんさい,Kansai area,関西,noun
かんじ,chinese character,漢字,noun
かんじ,Kanji / Chinese character,漢字,noun
がんじつ,The first day of the year,元日,noun
かんせいする,to be completed,完成する,irr-verb
かんたん（な）,Easy / Simple,簡単（な）,adjective
かんとう,Kanto Area,関東,noun
かんぱい,Cheers! (a toast),乾杯,other
がんばる,To do one's best / to try hard,頑張る,u-verb
かんぽうやく,chinese herbal medicine,漢方薬,noun
かんわじてん,kanji dictionary,漢和辞典,noun
き,Tree,木,noun
きいてください,Please listen. / Please ask.,null,other
きいろい,Yellow,黄色い,adjective
きえる,(something) goes off,消える,ru-verb
きおん,Temperature ( weather - not used for things),気温,noun
きがえる,to change clothes,着替える,ru-verb
きがつく,to notice,気が付く,u-verb
きく,To ask,聞く,u-verb
きく,To listen / To hear,聞く,u-verb
きこえる,Can be heard,聞こえる,u-verb
きこえる,to be audible,聞こえる,ru-verb
きこく,Going Home,帰国,noun
きじ,article / news,記事,noun
ぎせいご,onomatopoeia,擬声語,noun
きせつ,Left turn,左折,noun
きせつ,Season,季節,noun
きぜつする,to faint,気絶する,irr-verb
きた,North,北,noun
ギター,Guitar,null,noun
きたいする,to expect,期待する,irr-verb
きたく,Returning home,帰宅,noun
きたぐち,North exit,北口,noun
きたない,dirty,汚い,adjective
きたやまちょう,Kitayama Town,北山町,noun
きちょうひん,valuables,貴重品,noun
きつえんルーム,(At the hotel) smoking room,喫煙ルーム,noun
きっさてん,cafe,喫茶店,noun
きって,Postal Stamp,切手,noun
きっぷ,Ticket,切符,noun
きっぷうりば,Ticket vending Area,切符売り場,noun
きにする,to worry,気にする,irr-verb
きにゅうする,to fill in,記入する,irr-verb
きのう,Yesterday,昨日,noun
きびしい,Strict,厳しい,adjective
きぶんがわるい,to feel sick,気分が悪い,adjective
きぶんがわるいです,I am not feeling well,気分が悪いです,other
きます,To come,来ます,irr-verb
きまつしけん,final examination,期末試験,noun
きまる,to be decided,決まる,u-verb
きむらさん,Mr./Mrs. Kimura,木村さん,noun
きめる,To decide,決める,ru-verb
きもち,Feeling,気持ち,noun
きもの,kimono,着物,noun
キャッシュカード,Bank Card (At the bank),null,other
キャンプ,Camp,null,noun
きゅう,Nine,九,noun
きゅうがくせい,90's,九十年代,noun
きゅうこう,Express,急行,noun
きゅうこう,express train,急行,noun
きゅうさい,Nine years old,九歳,noun
きゅうじつ,Holiday,休日,noun
きゅうに,suddenly,急に,other
ぎゅうにく,Beef,牛肉,noun
ぎゅうにゅう,Milk,牛乳,noun
きゅうびょう,Sudden Illness,急病,noun
きゅうりょう,salary,給料,noun
きゅうりょく（な）,Powerful,強力（な）,adjective
きょう,Today,今日,noun
きょうかい,Church,教会,noun
きょうかしょ,textbook,教科書,noun
きょうかしょうをとじてください,Close the textbook,教科書を閉じてください,other
きょうこ,Kyoko,京子,noun
きょうしつ,classroom,教室,noun
きょうじゅ,professor,教授,noun
きょうじゅうに,by the end of today,今日中に,other
きょうだい,Brothers and sisters,兄弟,noun
きょうと,Kyoto,京都,noun
きょうはこれでおわります,That's it for today,今日はこれで終わります,other
きょうみ,interest,興味,noun
きょうみがある,To be interested (in . . .),興味がある,u-verb
きょうりょく,cooperation,協力,noun
きょねん,Last year,去年,noun
きらい（な）,Disgusted with / to dislike,嫌い（な）,adjective
キリストきょう,christianity,キリスト教,noun
きりつする,To stand up,起立する,irr-verb
きる,(Barber/Beauty Salon) to cut,切る,u-verb
きる,To cut,切る,u-verb
きる,To put on (clothes above your waist),着る,ru-verb
きる,to wear,着る,ru-verb
きれい（な）,Beautiful / Clean,null,adjective
きわめる,to investigate thoroughly,究める,ru-verb
きをつける,To be cautious/careful,気をつける,ru-verb
きんいろ,Gold,金色,adjective
ぎんいろ,Silver,銀色,adjective
きんえんしゃ,Nonsmoking car (At the station),禁煙車,noun
きんえんルーム,(At the hotel) non-smoking room,禁煙ルーム,noun
きんがく,amount  (At the bank),金額,other
きんぎょ,goldfish,金魚,noun
ぎんこう,Bank,銀行,noun
きんしする,to prohibit,禁止する,irr-verb
きんしょ,Neighborhood,近所,noun
ぎんせかい,land covered with snow,銀世界,noun
きんちょうする,To get nervous,緊張する,irr-verb
きんにく,muscle,筋肉,noun
きんべん（な）,Diligent,勤勉（な）,adjective
ぎんメダル,silver medal,銀メダル,noun
きんようび,Friday,金曜日,noun
くうき,Air,空気,noun
くうこう,airport,空港,noun
くがつ,September,九月,noun
くじ,Nine o'clock,九時,noun
くしゃみがでます,I sneeze.,くしゃみが出ます,other
くじら,Whale,null,noun
くすり,Medicine,薬,noun
くすりをのむ,To take medicine,薬を飲む,u-verb
くだけたいいかた,Colloquial expression,くだけた言い方,noun
ください,Please give / do . . .,下さい,other
くださる,honorific for くれる,下さる,u-verb
くち,Mouth,口,noun
くつ,Shoes,null,noun
クッション,cushion,null,noun
くに,Country / place of origin,国,noun
くばる,to distribute,配る,u-verb
くび,Neck,首,noun
くも,cloud,雲,noun
くもり,Cloudy weather,曇り,noun
くらい,dark,暗い,adjective
クラス,Class,null,noun
グラス,tumbler / glass,null,noun
クラブ,night club,null,noun
グリーン,Green,null,adjective
グリーンのセーター,Green Sweater,null,other
クリスマス,Christmas,null,noun
くる,To come,来る,irr-verb
くるい,Black,黒い,adjective
くるま,Car,車,noun
くるまいす,Wheel chair,車いす,noun
グレー,Gray,null,adjective
クレジットカード, (ATM) credit card,null,other
クレジットカードではらえますか,(At the hotel) Can I pay by credit card?,クレジットカードで払えますか,other
くれる,To give (me),null,ru-verb
くろきさん,Mr. / Ms. Kuroki,黒木さん,noun
けいえいがく,management studies,経営学,noun
けいかく,Plan,計画,noun
けいかくをたてる,to make a plan,計画を立てる,ru-verb
けいけん,experience,経験,noun
けいご,Honorific expressions,敬語,noun
けいざい,Economics,null,noun
けいざい,economy,経済,noun
けいさつ,police; police station,警察,noun
けいさつかん,Police Officer,警察官,noun
げいじゅつ,art,芸術,noun
ケーキ,Cake,null,noun
ゲーム,game,null,noun
げか,Surgeon,外科,noun
けがをしました,I hurt myself,null,other
けさ,This morning,今朝,noun
けしき,Scenery,景色,noun
けしゴム,Eraser,null,noun
げしゅく,boardinghouse,下宿,noun
けしょうする,to put makeup on,化粧する,ru-verb
けす,To turn off / to erase,消す,u-verb
けち（な）,Stingy / cheap,null,adjective
けっか,result,結果,noun
けっこうです,That would be fine. / That wouldn't be necessary. / Right away.,結構です,other
けっこんしき,wedding,結婚式,noun
けっこんする,To get married,結婚する,irr-verb
げつまつ,end of the month,月末,noun
げつようび,Monday,月曜日,noun
けつろん,conclusion,結論,noun
げりです,I have diarrhea.,下痢です,other
ける,to kick,null,u-verb
げんかい,limit,限界,noun
けんかする,To have a fight / To quarrel,null,irr-verb
げんき（な）,Fine,元気（な）,adjective
げんき（な）,Healthy / Energetic,元気（な）,adjective
げんきがない,Don't look well,元気がない,other
けんきゅう,research,研究,noun
けんきゅうしつ,professor's office,研究室,noun
けんきゅうしゃ,researcher,研究者,noun
げんごがく,Linguistics,言語学,noun
けんこく,founding a nation,建国,other
けんしゅう,training,研修,noun
げんだいてき（な）,modern,現代的（な）,adjective
げんばく,atomic bomb,原爆,noun
けんぶつ,Sightseeing,見物,noun
ご,Five,五,noun
こいぬ,puppy,子犬,noun
こうい,Good will,好意,noun
こううん,good fortune,幸運,noun
こうえん,Park,公園,noun
こうかいどう,public hall,公会堂,noun
こうがく,engineering,工学,noun
こうかんする,to exchange,交換する,irr-verb
こうきしん,curiosity,好奇心,noun
こうくうびん,Airmail,航空便,noun
ごうけい,sum,合計,noun
こうこう,High School,高校,noun
こうこうせい,High school student,高校生,noun
こうこがく,archeology,考古学,noun
こうこく,advertisement,広告,noun
こうざ,Account (At the bank),口座,other
こうざにおかねをふりこみたいんですが, (At the bank) I would like to deposit money into the account.,口座にお金を振り込みたいんですが,other
こうざをとじたいんですが, (At the bank) I would like to close an account.,口座を閉じたいいんですが,other
こうざをひらきたいんですが, (At the bank) I would like to open an account.,口座を開きたいんですが,other
こうし,Calf / Veal,子牛,noun
こうじ,construction,工事,noun
こうしゃ,tea (black tea),紅茶,noun
こうじょう,factory,工場,noun
ごうじょう（な）,Obstinate,強情（な）,adjective
こうせいぶっしつ,antibiotic,抗生物質,noun
こうちゃ,black tea,紅茶,noun
ごうとう,Robbery,強盗,noun
こうはい,junior member of a group,後輩,noun
こうふく（な）,happy,幸福（な）,adjective
こうぶつ,Favorite food,好物,noun
こうべこう,kobe port,神戸港,noun
こうべし,Kobe City,神戸市,noun
こうよう,Red leaves / Autumn tints,紅葉,noun
こえ,voice,声,noun
コーヒー,Coffee,null,noun
ゴールド,Gold,null,adjective
ごがつ,May,五月,noun
こくさい,international,国際,noun
こくさいかんけい,International Relations,null,noun
こくない,domestic,国内,other
こくばん,Blackboard,黒板,noun
こくばん,Blackboard / Chalkboard,null,noun
こくりつだいがく,National university,国立大学,noun
こくれん,United Nations,国連,noun
ごご,P.M. / In the afternoon,午後,other
ここのか,9th day of the month,九日,noun
ここのか,nine days,九日,other
ここのつ,Nine,九つ,noun
こころ,heart / mind,心,noun
こころ,mind / heart,心,noun
こころのこり,regret,心残り,noun
こころみる,to try,試みる,ru-verb
ごさい,Five years old,五歳,noun
ござる,Extra-modest expression for ある,null,u-verb
ごじ,Five o'clock,五時,noun
ごじゅうえんきってをさんまいください。,Give me three 50-yen stamps、please. (Post Office),五十円切手を三枚ください。,other
ごしゅじん,(your/her) husband,ご主人,noun
ごしゅじん,husband,ご主人,noun
ごぜん,A.M.,午前,other
ごぜんちゅう,In the morning,午前中,noun
こだい,Ancient times,古代,noun
こたえ,Answer,答,noun
こたえる,To answer,答える,ru-verb
ごちそう,Excellent food,null,noun
ごちそうさま（でした）,Thank you for the meal ( after eating),null,other
ごちそうする,to treat/invite (someone) to a meal,null,irr-verb
こちら,This person (polite),null,noun
こちら,this way (polite),null,noun
こっか,National anthem,国歌,noun
こっかい,The Diet,国会,noun
こづつみ,Parcel,小包,noun
こと,Things / matters,事,noun
ことし,This year,今年,noun
ことば,Language,言葉,noun
ことば,Word / Language,言葉,noun
こども,Child,子供,noun
こどものとき,In one's childhood,子供の時,noun
こどもよう,for children,子供用,other
ことや,Barber's,床屋,noun
こない,Not to come,来ない,irr-verb
このあいだ,the other day,この間,other
このかみになまえとじゅうしょをかいてください。,Please fill in your name and address on this paper. (Health and Illness / Doctor's Office),この紙に名前と住所を書いてください。,other
このぐらい,About this much,null,other
このごろ,these days,null,other
このでんしゃはあきはばらにとまりますか,Does this train stop at Akihabara? (At the station),この電車は秋葉原にとまりますか,other
このひと,This person,この人,noun
このみ,Liking / Taste,好み,noun
ごはん,Rice / Meal,ご飯,noun
コピーをとる,to make a photo copy,コピーを取る,u-verb
ごふん,Five Minutes,ごふん,noun
こまる,to have difficulty,落ち込む,u-verb
ごみ,garbage,null,noun
こむ,to get crowded,込む,u-verb
ごめん,I'm sorry. (casual),null,other
ごめんなさい,I'm sorry,null,other
ごらんになる,honorific for みる,ご覧になる,u-verb
ゴルフ,golf,null,noun
これ、おねがいします。,Can you take care of this、please? (Post Office),これ、お願いします。,other
これから,From now on,null,other
これわなんのくすりですか。,What kind of medicine are these? (Health and Illness / Doctor's Office),これは何の薬ですか。,other
ころ,time of . . . / when . . .,null,other
ころぶ,to fall down,転ぶ,u-verb
ころぶ,to tumble / to fall down,転ぶ,u-verb
こわい,Frightening,怖い,adjective
こわす,to break (something),壊す,u-verb
こわれる,(something) breaks,壊れる,ru-verb
こんがっき,This semester,今学期,noun
こんげつ,This Month,今月,noun
コンサート,Concert,null,noun
こんしゅう,This week,今週,noun
コンタクト,contact lenses,null,noun
こんでいる,to be crowded,込んでいる,ru-verb
こんど,Near future,今度,noun
こんな～,. . . like this / this kind of . . .,null,other
こんなふう,like this,null,other
こんにちは,Good afternoon,null,other
こんばん,Tonight,今晩,noun
こんばんは,Good evening,null,other
コンビニ,Convenience store,null,noun
コンピューター,Computer Science,null,noun
こんや,tonight,今夜,noun
こんやくしゃ,fiancee,婚約者,noun
さあ,I am not sure . . .,null,other
サークル,club activity,null,noun
サービスぎょう,service industry,サービス業,noun
サーフィン,Surfing,null,noun
さいあく,the worst,最悪,adjective
さいあく,the worst,最悪,noun
さいきん,Recently,最近,noun
さいきん,recently,最近,other
さいこう,The best,最高,adjective
さいこう,the best,最高,noun
さいごに,Lastly,最後に,other
さいしゅう～,the last . . .,最終～,other
さいしゅうかい,last inning / last episode,最終回,noun
さいしょ,first,最初,other
さいしん,the latest,最新,noun
さいてい,the lowest / the worst,最低,noun
さいふ,Wallet,null,noun
さいわい,fortunately,幸い,other
さがす,to look for,探す,u-verb
さかな,fish,魚,noun
さかなや,fish shop,魚屋,noun
さきに,Ahead,北に,noun
さく,to bloom,咲く,u-verb
さくひん,Artistic Piece,作品,noun
さくひん,Piece of work / Artistic Piece,作品,noun
さくぶん,Composition,作文,noun
さくぶん,essay / composition,作文,noun
さしあげる,Humble expression for あげる,差し上げる,ru-verb
さす,to bite,刺す,u-verb
さずかる,to be given,授かる,u-verb
さそう,to invite,誘う,u-verb
さっか,Author,作家,noun
さっか,Writer,作家,noun
サッカー,Soccer,null,noun
ざっし,Magazine,雑誌,noun
さとう,sugar,砂糖,noun
さびしい,Lonely,寂しい,adjective
さべつ,Discrimination,差別,noun
サボる,To cut (classes),null,u-verb
さむい,Cold (temperature),寒い,adjective
さゆう,Right and Left,左右,noun
さようなら,Good-bye,null,other
さら,plate / dish,皿,noun
さら,plate / dish,皿,noun
さらいげつ,The month after next,再来月,noun
さらいしゅう,The week after next,再来週,noun
さらいねん,The year after next,再来年,noun
サラリーマン,salary man / company employee,null,noun
さる,monkey,猿,noun
さる,to leave,去る,u-verb
さわる,to touch,触る,u-verb
さん,Three,三,noun
さんがつ,March,三月,noun
さんぎょう,industry,産業,noun
ざんぎょう,over-time work,残業,noun
さんこう,reference,参考,noun
さんじ,Three o'clock,三時,noun
さんじはん,Half past three,三時半,noun
さんじゅうど,30 Degrees,三十渡,noun
さんせい,the third generation,三世,noun
さんせいする,to agree,賛成する,irr-verb
さんぜん,Three thousand,三千,noun
ざんだか,account balance,残高,noun
さんだかしょうかい, (ATM) balance inquiry,残高照会,other
さんにん,Three people,三人,noun
ざんねん,regrettable,残念,other
ざんねん（ですね）,That's too bad.,残念（ですね）,other
さんねんせい,Third-year student,三年生,noun
さんびゃく,Three hundred,三百,noun
さんふじんか,Obstetrician and gynecologist,産婦人科,noun
さんぽする,to stroll,散歩する,irr-verb
さんぽする,To take a walk,散歩する,irr-verb
さんめいです,(At the hotel) Three people,二名です,other
さんりょう,three ryoo,三両,noun
し,death,死,noun
し,poem,詩,noun
じ,letter / character,字,noun
しあい,game / match,試合,noun
しあい,Match / Game,試合,noun
しあわせ（な）,Happy,null,noun
しあわせ（な）,Happy / lasting happiness,幸せ（な）,adjective
じいん,sacred building,寺院,noun
ジーンズ,Jeans,null,noun
シェフ,Chef,null,noun
しか,deer,鹿,noun
しか,dentistry,歯科,noun
しかい,Master of Ceremony,司会,noun
しかい,visibility,視界,noun
じかい,Next time,次回,noun
しかえし,Revenge,仕返し,noun
しかし,however,null,noun
しかたがない,cannot be helped,null,other
しがつ,April,四月,noun
じかん,Time,時間,noun
じきゅう,an hourly wage,時給,noun
しけん,Exam,試験,noun
しごと,Job / Work / Occupation,仕事,noun
ししゃ,the dead,死者,other
じしょ,Dictionary,辞書,noun
じじょ,Second Daughter,次女,noun
じしん,confidence,自信,noun
じしん,earthquake,地震,noun
しずか（な）,Quiet,静か（な）,adjective
しぜん,Nature,自然,noun
じぞう／おじぞうさん,Guardian Deity of children,null,noun
した,Under,下,other
じだい,age / era,時代,noun
したしい,close / intimate,親しい,adjective
したしい,intimate,親しい,noun
しち／なな,Seven,七,noun
しちがつ,July,七月,noun
しちじ,Seven o'clock,七時,noun
しちや,pawn shop,質屋,noun
しちょう,Mayor,市長,noun
しつがいい,good quality,質がいい,noun
じっけん,experiment,実験,noun
しっています, I know,知っています,u-verb
じつは,as a matter of fact . . .,実は,other
しっぱいする, to fail / to be unsuccessful,失敗する,irr-verb
しつもん,Question,質問,noun
しつれいいします,Excuse me. / Sorry to interrupt you.,失礼します,other
しつれいしました,I'm very sorry,失礼します,other
していせき,Reserved Seat,指定席,noun
してつ,Private railroad,私鉄,noun
してん,branch office,支店,noun
じてんしゃ,Bicycle,自転車,noun
じどうしゃ,Automobile,自動車,noun
じどうしゃ,automobile,自動車,noun
じどうはんばいき,Vending Machine,自動販売機,noun
しなもの,Merchandise Article,品物,noun
しぬ,To Die,死ぬ,u-verb
しはつ,first train,始発,noun
じぱつ,Departing second (At the station),自発,noun
しはらい,payment,支払い,noun
じびか,ortorhinolaryngologist / ENT doctor,耳鼻科,noun
じぶん,Oneself,自分,noun
じぶん,oneself,自分,other
じぶんで,(do something) by oneself,自分で,other
しま,island,島,noun
しまい,sisters,姉妹,noun
しまいこう,sister school,姉妹校,noun
しまいとし,sister city,姉妹都市,noun
しまる,(something) closes,閉まる,u-verb
しみんびょういん,Municipal Hospital,市民病院,noun
しめい,Full name,氏名,noun
しめきり,Deadline,null,noun
しめきり,deadline,締め切り,noun
しめる,To close (something),閉める,ru-verb
じもと,Local,地元,noun
じゃあ,Then . . . / If that is the case . . .,null,other
じゃあ、よやくおねがいします,(At the hotel) Well、 I would like to make a reservation,じゃあ、予約お願いします,other
ジャーナリスト,Journalist,null,noun
しゃかい,Society,社会,noun
しゃかいてき（な）,social,社会的（な）,adjective
しやくしょ,city hall,市役所,noun
しゃくち,rented land,借地,noun
しゃくや,rented house,借家,noun
ジャケット,jacket,null,noun
しゃしん,Photograph,写真,noun
しゃしん,Picture / Photograph,写真,noun
しゃせい,Sketch,写生,noun
しゃちょう,Company President,社長,noun
しゃちょう,President of a company,社長,noun
シャツ,Shirt,null,noun
しゃっきん,debt,借金,noun
しゃべる,to chat,null,u-verb
シャワー,Shower,null,noun
シャワーをあびる,To take a shower,シャワーを浴びる,ru-verb
シャンプー,(Barber/Beauty Salon) shampoo,null,noun
シャンプー,shampoo,null,noun
じゅう,Ten,十,noun
じゆう,Freedom,自由,noun
じゅういちがつ,November,十一月,noun
じゅういちにち,11th day of the month,十一日,noun
じゅうがつ,October,十月,noun
しゅうかん,custom,習慣,noun
しゅうかん,habit / custom,習慣,noun
じゅうさい／じっさい,Ten years old,十歳,noun
しゅうじ,Penmanship,習字,noun
じゅうじ,Ten o'clock,十時,noun
じゅうしょ,Address,住所,noun
しゅうしょくする,to get a full-time job,就職する,ru-verb
ジュース,Juice,null,noun
じゆうせき,General Admission seat (At the station),自由席,noun
じゅうだい,in one's teens,十代,noun
しゅうちゅうする,to concentrate,集中する,irr-verb
しゅうっぱつ,departure,出発,noun
じゅうでうたれる,to be shot,銃で撃たれる,ru-verb
しゅうてん,last stop,終点,noun
しゅうてん,Last train (At the station),しゅうてん,noun
しゅうでん,last train,終電,noun
しゅうでんはなんじですか,What time is the last train? (At the station),終電は何時ですか,other
じゅうどう,Judo,柔道,noun
じゆうに,freely,自由に,other
じゅうにがつ,December,十二月,noun
じゅうびょう,Serious Illness,重病,noun
しゅうぶん,autumnal equinox,秋分,noun
しゅうまつ,Weekend,週末,noun
じゅうまん,One hundred thousand,十万,noun
じゅうよっか,14th day of the month,十四日,noun
しゅうらい,Future,将来,noun
しゅえい,security guard,守衛,noun
じゅぎょう,Class,授業,noun
じゅぎょうちゅうに,in class / during the class,授業ちゅに,other
じゅぎょうりょう,tuition,授業料,noun
じゅく,cram school,塾,noun
しゅくだい,Homework,宿題,noun
しゅくだいをだしてください,Hand in the homework,宿題を出してください,other
しゅくはく,lodging,宿泊,noun
じゅけん,taking examination,受験,noun
しゅご,subject of a sentence,主語,noun
しゅじゅつ,Operation,手術,noun
しゅしょう,prime minister,首相,noun
しゅじん,owner,主人,noun
しゅっしん,Coming from,出身,other
しゅっせき,Attendance,出席,noun
しゅっちょう,business trip,出張,noun
じゅっぶん／じっぶん,Ten minutes,十分,noun
しゅふ,House husband (made up),主夫,noun
しゅふ,House Wife,null,noun
しゅふ,housewife,主婦,noun
しゅみ,hobby / pastime,趣味,noun
しゅるい,a kind / a sort,種類,noun
しゅわ,Sign language,手話,noun
しゅんかしゅうとう,four seasons,春夏秋冬,noun
じゅんび,preparation,準備,noun
しゅんぶん,vernal equinox,春分,noun
しょうかいする,To introduce,紹介する,irr-verb
しょうがくきん,scholarship,奨学金,noun
しょうがくせい,Elementary School Student,小学生,noun
しょうがっこう,Elementary School,小学校,noun
しょうぎ,Japanese chess,null,noun
じょうきゅする,To go to the capital,上京する,irr-verb
しょうきょする,to erase,消去する,irr-verb
しょうご,Noon,正午,noun
じょうしゃ,riding a car,乗車,noun
じょうしゃけん,(boarding) ticket,乗車券,noun
しょうじょ,Girl,少女,noun
しょうしょう,a few seconds,少々,other
しょうしょう,a little,少々,other
じょうず（な）,Good at,上手（な）,adjective
じょうず（な）,Skillfully / good at,じょうず（な）,adjective
しょうせつ,novel,小説,noun
しょうせつか,novelist,小説家,noun
しょうたい,invitation,招待,noun
しょうたいする,to invite someone (to an event / a place),招待する,irr-verb
しようちゅう,Occupied,使用中,other
しょうねん,Boy,少年,noun
じょうば,horseback riding,乗馬,noun
じょうひん（な）,Elegant,上品（な）,adjective
しょうぼうし,Firefighter,消防士,noun
しょうゆ,soy sauce,しょう油,noun
しょか,early summer,初夏,noun
しょくぎょう,occupation,職業,noun
しょくじ,Meal,食事,noun
しょくじつき,(At the hotel) with meals,食事付,other
しょくどう,Cafeteria,食堂,noun
しょくひ,food cost,食費,noun
じょしがくせい,female student,女子学生,noun
しょじひん,Belongings,所持品,noun
じょせい,Woman,女性,noun
ショッピングモール,shopping mall,null,noun
しょてん,bookstore,書店,noun
しょどう,Calligraphy,書道,noun
じょゆう,Actress,女優,noun
しょるい,document,書類,noun
しらべる,To look into (a matter),調べる,ru-verb
しりあい,Acquaintance,知り合い,noun
しりあう,to get aquainted with ,知り合う,u-verb
しりつこうこう,Private high school,私立高校,noun
しりつだいがく,Private university,私立大学,noun
しりません, I do not know,知りません,u-verb
しる,To get to know,知る,u-verb
しる,To know,知る,u-verb
シルバー,Silver,null,adjective
しろ,White color,白,noun
しろい,White,白い,adjective
しろくろしゃしん,black and white photograph,白黒写真,noun
しろくろのしゃしん,Black and white picture,白黒の写真,other
じろじろみる,To stare (at . . .),じろじろ見る,ru-verb
しんかんせん,Bullet Train,新幹線,noun
しんかんせん,Shinkansen / Bullet Train,新幹線,noun
シングル,(At the hotel) single room,null,noun
しんけいしつ,over sensitive,神経質,noun
しんごう,traffic light,信号,noun
じんこう,Population,人口,noun
しんこん,newlywed,新婚,noun
じんじゃ,Shrine,神社,noun
しんじる,to believe,信じる,noun
しんせき,relatives,親せき,noun
しんせつ,New snow,新雪,noun
しんせつ（な）,Kind,親切（な）,adjective
しんせん（な）,Fresh,新鮮（な）,adjective
しんとう,Shinto Religion,神道,noun
しんぱい（な）,worried about,心配（な）,adjective
しんぱいする,To worry,心配する,irr-verb
しんぶん,Newspaper,新聞,noun
しんぽ,progress,進歩,noun
しんゆう,Best Friend,親友,noun
じんるいがく,Anthropology,null,noun
ず,figure,図,noun
すいえい,Swimming,水泳,noun
すいせんじょう,letter of recommendation,推薦状,noun
すいぞくかん,aquarium,水族館,noun
スイッチ,switch,null,noun
すいどう,Water supply,水道,noun
ずいぶん,very,null,other
すいようび,Wednesday,水曜日,noun
スウェーデン,Sweden,null,noun
スーツケース,suitcase,null,noun
スーパー,Supermarket,null,noun
スープ,soup,null,noun
すえ,the end,末,other
スカート,skirt,null,noun
すき（な）,Fond of / To like,好き（な）,adjective
すき（な）,To like,好き（な）,adjective
スキー,Ski,null,noun
すぐ,Right away,null,other
すくない,a little / a few,少ない,adjective
すくない,Few,少ない,other
すごい,Incredible / Awesome,null,adjective
すごく,Extremely,null,other
すこし,a little,少し,other
すし,Sushi,null,noun
すずしい,Cool (Weather),涼しい,adjective
ずつう,headache,頭痛,noun
ずっと,for al ong time / all the time,null,other
すっぽん,snapping turtle / terrapin,null,noun
すてき（な）,Nice,素敵（な）,adjective
すてる,To throw away,捨てる,ru-verb
ストレス,Stress,null,noun
スニーカー,sneakers,null,noun
スピーチ,speech,null,noun
スプーン,spoon,null,noun
すべて,all,全て,noun
スポーツ,Sports,null,noun
すみません,Excuse me / I'm sorry,null,other
すみません。はじめてなんですが。,Excuse me. This is my first visit. (Health and Illness / Doctor's Office),すみません。初めてなんですが。,other
すみません。りゅびんきょくはどこですか。,Excuse me、where is a post office? (Directions),すみせん。郵便局はどこですか。,other
すむ／～にすんでいます,To live,住む,u-verb
する,to cost,null,irr-verb
する,To decide on (an item),null,irr-verb
する,To do,null,irr-verb
する,to wear small items,null,ru-verb
すると,. .  . then . . .,null,other
すわる,To sit down on (Seat),座る,u-verb
せいかい,political world,政界,noun
せいかく,personality,性格,noun
せいかつ,Life / Living,生活,noun
せいかつする,to lead a life,生活する,irr-verb
せいかつのゆとり,extra money to spare for the cost of living,生活のゆとり,noun
せいかつひ,the cost of living,生活費,noun
ぜいきん,tax,税金,noun
せいけいげか,Orthopedic surgeon,整形外科,noun
せいじ,Politics,政治,noun
せいしゅん,youth,青春,noun
せいせき,Grade (on a test、 etc),成績,noun
ぜいたくをする,to indulge in luxury,null,irr-verb
せいねん,Youth,青年,noun
せいふ,government,政府,noun
せいふく,uniform,制服,noun
せいゆう,voice actor,声優,noun
せいよう,The West,西洋,noun
せいりです,I have my period.,生理です,other
セーター,sweater,null,noun
せかい,the world,世界,noun
せかい,World,世界,noun
せがたかいい,tall (stature),背が高い,adjective
せかな,Back　(Body Part),背中,noun
せがひくい,short (stature),背が低い,adjective
せき,Cough,null,noun
せきがでる,To cough,せきが出る,ru-verb
せきじゅうじ,The Red Cross,赤十字,noun
せきどう,The equator,赤道,noun
せだい,generation,世代,noun
せっきょうする,to preach,説教する,irr-verb
ぜったいに,definitely / no matter what,絶対に,other
セット,(Barber/Beauty Salon) set,null,noun
ぜつぼう,despair,絶望,noun
せつめい,Explanation,説明,noun
せつめいする,to explain,説明する,irr-verb
ぜつめつ,extinction,絶滅,noun
せなかがかゆいです,My back itches,背中がかるいです,other
ぜひ,By all means,是非,other
せまい,Narrow / Not spacious,狭い,adjective
せみ,shop / store,店,noun
せわ,care,世話,noun
せん,Thousand,千,noun
せんえん,One thousand yen,千円,noun
せんきゅうひゃっくろくじゅうねんだい,1960s,１９６０年代,noun
せんげつ,Last month,先月,noun
せんこう,Major (School Major),null,noun
ぜんこく,whole country,全国,noun
せんしゅう,Last week,先週,noun
せんす,fan,扇子,noun
せんせい,Teacher,先生,noun
ぜんぜん ＋ Negative,Not at all,全然　＋ Negative,other
せんそう,war,戦争,noun
せんたくする,To do laundry,洗濯する,irr-verb
ぜんでら,zen temple,禅寺,noun
せんぱい,Senior member,先輩,noun
せんぱい,senior member of a group,先輩,noun
せんぱつ,Departing First (At the station),先発,other
ぜんぶ,all,全部,other
ぜんぶ,all ,全部,noun
ぞう,elephant,象,noun
そうか,I see. (casual),null,other
そうきん,sending money,送金,noun
そうじする,To clean,掃除する,irr-verb
そうぞくする,to inherit,相続する,irr-verb
そうだ！,I have an idea!,null,other
そうだんする,to consult,相談する,irr-verb
そうちょう,Early Morning,早朝,noun
そうです,That's right.,null,other
そうですか,I see. / Is that so?,null,other
そうですね,That's right. / Let me see.,null,other
そうりょう,postage,送料,noun
そくたつ,Special delivery,速達,noun
そしつ,aptitude,素質,noun
そして,and then,null,other
そそぐ,to pour,注ぐ,u-verb
そだてる,to raise / to bring up,育てる,ru-verb
そつぎょうしき,graduation ceremony,卒業式,noun
そつぎょうする,To graduate (from . . .),卒業する,irr-verb
そと,Outside,外,noun
そなえる,to offer something ot the spirit,供える,u-verb
そのご,after that,その後,noun
そば,Near / Nearby,null,other
そば,soba / japanese buckwheat noodle,null,noun
そふ,Grandfather,祖父,noun
ソファ,sofa,null,noun
そぼ,Grandmother,祖母,noun
そめる,(Barber/Beauty Salon) to dye,null,ru-verb
そら,sky,空,noun
そらないでください,(Barber/Beauty Salon) please don't shave,null,other
そる,(Barber/Beauty Salon) to shave,null,u-verb
それから,and then,null,other
それで,then / therefore,null,other
それでは,if that is the case ...,null,other
それでは,well then,null,other
それに,moreover、...,null,other
そろえる,(Barber/Beauty Salon) to make hair even / to trim,null,ru-verb
そんな～,such,null,other
そんなこと（は）ない,I don't think so,null,other
だい,title,題,noun
だいいちいんしょう,the first impression,第一印象,noun
ダイエットする,To go on a diet,null,irr-verb
たいおんけい,Thermometer,体温計,noun
だいがく,College / University,null,noun
だいがく,University,大学,noun
だいがくいん,Graduate school,大学院,noun
だいがくいんせい,Graduate Student,null,noun
だいがくせい,College student,大学生,noun
だいきらい（な）,To hate,大嫌い（な）,adjective
だいく,carpenter,大工,noun
たいし,Ambassador,大使,noun
たいしかん,Embassy,大使館,noun
たいじゅう,body weight,体重,noun
だいじょうぶ,It's Okay / Not to worry / Everything is under control,大丈夫,other
だいすき（な）,To love,大好き（な）,adjective
だいすき（な）,Very fond of / to love,大好き（な）,adjective
たいせいよう,the Atlantic,大西洋,noun
たいせつ（な）,precious,大切（な）,noun
たいせつ（な）,precious / valuable,大切（な）,adjective
たいせつにする,to take good care of,大切にする,irr-verb
たいそう,gymnastics / physical exercises,体操,noun
だいそつ,university graduate,大卒,noun
だいたいおなじです,More or less the same,だいたい同じです,other
たいてい,Usually,null,other
たいど,Attitude,態度,noun
だいとうりょう,President of a country,大統領,noun
だいどころ,kitchen,台所,noun
だいヒット,big hit,大ヒット,noun
タイプ,type,null,noun
たいふう,typhoon,台風,noun
たいへん,greatly,null,other
たいへん（な）,Tough (situation),大変（な）,adjective
たえる,to die out,絶える,u-verb
タオル,towel,null,noun
たかい,Expensive / High,高い,adjective
だから,So / Therefore,null,other
たからくじ,lottery,宝くじ,noun
たからくじにあたる,to win a lottery,宝くじに当たる,u-verb
だく,to hold something in one's arm,抱く,u-verb
たくさん,Many / A lot,null,other
たくはいびん,home delivery service,宅配便,noun
たけ,bamboo,竹,noun
だす,to take (something) out / to hand in (something),出す,u-verb
だす,To take something out,出す,u-verb
たすうけつ,decision by majority,多数決,noun
たすかる,to be saved / to be helped,助かる,u-verb
たすける,to help / to rescue,助ける,ru-verb
ただいま,I'm home,null,other
ただしい,Right (correct),正しい,Other
ただの～,to believe,null,ru-verb
たつ,(time) pass,null,u-verb
たつ,to be built,達つ,ru-verb
たつ,To stand up,立つ,u-verb
だっそう,escape from a prison,脱走,other
たてもの,building,建物,noun
たてる,to build,建てる,ru-verb
たとえば,for example,例えば,other
たなかさん,Mr./Ms. Tanaka,田中さん,noun
たなばた,tanabata,七夕,noun
たのしい,Fun,楽しい,adjective
たのしそうに,joyfully,楽しそうに,other
たのしみ,pleasure,楽しみ,noun
たのしみにする,To look forward to,null,irr-verb
たのしむ,To enjoy,楽しむ,u-verb
たのむ,to ask (a favor),頼む,u-verb
たばこをすう,To smoke,たばこを吸う,u-verb
ダブル,(At the hotel) double room,null,noun
たぶん,Probably / Maybe,多分,other
たべもの,food,食べ物,noun
たべる,To eat,食べる,ru-verb
だます,to decieve,null,u-verb
だめ（な）,No good,null,adjective
だめです,No good,null,other
ためる,to save money,null,ru-verb
たりる,to be sufficient,足りる,ru-verb
たりる,to be sufficient / to be enough,足りる,ru-verb
だれ,Who,null,noun
だろう,Probably / . . . 、right? / (Short form) of～（ん）でしょう ,null,other
たんきゅう,inquiry,探究,noun
たんご,Word / vocabulary,単語,noun
たんざく,Strip of fancy paper,null,noun
だんしがくせい,Male student,男子学生,noun
たんじょうび,Birthday,誕生日,noun
だんせい,Man,男性,noun
だんとう,warm winter,暖冬,noun
たんぼ,Rice Field,田んぼ,noun
ちいさい,Small,小さい,adjective
チェックアウト（する）,(At the hotel) checking out,null,other
チェックイン（する）,(At the hotel) checking in,null,other
ちか,underground,地下,noun
ちかい,Close / Near,近い,adjective
ちがい,difference,違い,noun
ちがう,to be different,違う,u-verb
ちかしつ,basement,地下室,noun
ちかてつ,Subway,地下鉄,noun
ちからしごと,physical labor such as construction,力仕事,noun
ちかん,sexual offender / pervert,null,noun
ちきゅう,earth / globe,地球,noun
チケット,ticket,null,noun
ちこくする,to be late,遅刻する,irr-verb
ちこくする,To be late ( for an appointment),遅刻する,irr-verb
ちじん,Acquaintance,知人,noun
ちず,map,地図,noun
ちち,(my) father,父,noun
ちちおや,Father,父親,noun
ちめい,Place name,地名,noun
ちゃいろい,Brown,茶色い,adjective
ちゃみせ,tea house,茶店,noun
ちゅういする,to watch out,注意する,irr-verb
ちゅういする,to watch out / to give warning,注意する,irr-verb
ちゅうがく,Junior high school,中学,noun
ちゅうがくせい,junior high school student,中学生,noun
ちゅうがっこう,Junior high school,中学校,noun
ちゅうきんとう,The middle and Near east,中近東,noun
ちゅうこ,Secondhand,中古,other
ちゅうごく,China,中国,noun
ちゅうしする,to cancel,中止する,irr-verb
ちゅうしゃ,Injection,注射,noun
ちゅうしゃじょう,Parking lot,駐車場,noun
ちゅうしょく,lunch,昼食,noun
ちゅうもんする,to order,注文する,irr-verb
ちゅうもんする,to place an order,注文する,irr-verb
ちょうじょ,The eldest daughter,長女,noun
ちょうしょく,Breakfast,朝食,noun
ちょうちょう,Mayor of a town,町長,noun
ちょうど,Exactly,null,other
ちょうなん,The eldest son,長男,noun
ちょきん,savings,貯金,noun
チョコレート,chocolate,null,noun
ちょっと,A little,null,other
ちょっとちがいます,A little diffrerent,ちょっと違います,other
ちょっとまってください,Please wait.,null,other
ちり,geography,地理,noun
ちんたいマンション,apartment for rent,賃貸マンション,noun
ついたち,1st day of the month,一日,noun
ツイン,(At the hotel) twin room,null,noun
つうがく,going to school,通学,other
つうきん,going to work,通勤,other
つうちょう,Passbook (At the bank),通帳,other
つうちょうきにゅう, (ATM) passbook update,通帳記入,other
つかう,To use,使う,u-verb
つかえません,Can't use it,使えません,other
つかえる,To serve / To work under,仕える,u-verb
つかまる,to be arrested / to be caught,捕まる,u-verb
つかれている,To be tired,疲れている,ru-verb
つかれる,To get tired,疲れる,ru-verb
つき,Moon,月,noun
つぎ,Next,次,noun
つきあう,to date (a person),付き合う,u-verb
つきあう,to keep company,付き合う,u-verb
つぎに,Secondly,次に,other
つぎは～,Next (stop)、 . . .,次は～,other
つぎは～にとまります,Next (we'll stop at) (At the station),次は～に止まります,other
つく,(something) turns on,null,u-verb
つく,to arrive,着く,u-verb
つくえ,Desk,机,noun
つくる,To make,作る,u-verb
つける,To turn on,null,ru-verb
つごうがわるい,Inconvenient / To have a scheduling conflict,都合が悪い,adjective
つたえる,to convey (a message),伝える,ru-verb
つち,Soil,土,noun
つづく,to continue,続く,u-verb
つづける,to continue,続ける,ru-verb
つつむ,to wrap / to cover,包む,u-verb
つとめる,To try hard,勉める,ru-verb
つとめる／～につとめています,To work for,勤める／〜に勤めています,ru-verb
つまらない,Boring,null,adjective
つめたい,Cold (Things / People),冷たい,adjective
つゆ,Rainy Season,雨期,noun
つよい,Strong,強い,adjective
つり,Fishing,null,noun
つれていく,To take (someone) to (a place),連れていく,u-verb
つれてかえる,To bring (a person) back,連れて帰る,u-verb
つれてくる,To bring (a person),連れてくる,irr-verb
て,Hand,手,noun
ていあん,proposal,提案,noun
ディーワーリ,Diwali,null,noun
ていきけん,Commuter's pass,定期券,noun
ていきょう,offer,提供,noun
ていねいないいかた,Polite expression,ていねいな言い方,noun
デート,Date (Romantic、 not calendar),null,noun
でかける,To go out,出かける,ru-verb
てがみ,Letter,手紙,noun
できる,to come into existence / to be made,null,irr-verb
できるだけ,As much as possible,null,other
できれば,if possible,null,other
でぐち,Exit (At the station),出口,noun
でし,apprentice,弟子,noun
てじな,Magic,手品,noun
てすうりょう,Commission (At the bank),手数料,other
テスト,Test,null,noun
てつだう,To help (a person or with a task),手伝う,u-verb
てつづき,procedure,手続き,noun
てつやする,to stay up all night,徹夜する,irr-verb
テニス,Tennis,null,noun
テニスぶ,tennis club,テニス部,noun
では、おげんきで,Take care,では、お元気で,other
デパート,Department store,null,noun
てぶくろ,Gloves,手袋,noun
でも,But,null,other
でる,To appear / To attend,出る,ru-verb
でる,To exit,出る,ru-verb
テレビ,TV,null,noun
てをあげてください,Raise your hand,手をあげてください,other
てん,The heavens / The sky,天,noun
てんいん,hand / arm,手,noun
てんいん,Store Clerk,店員,noun
てんき,Weather,天気,noun
でんき,Electricity,電気,noun
でんき,Lights,null,noun
でんきこうがく,electric engineering,電気工学,noun
でんきだい,charge for electricity,電気代,noun
でんきだい,electricity fee,電気代,noun
てんきよほう,Weather forecast,天気予報,noun
てんごく,Heaven,天気,noun
でんごん,message,伝言,noun
てんさい,Genius,天才,noun
でんしじしょ,Electric Dictionary,電車辞書,noun
でんしじしょ,electronic dictionary,電子辞書,noun
でんしゃ,Train,電車,noun
でんしゃがまいります,A train is arriving (At the station),電車が参ります,other
てんじょう,ceiling,天井,noun
でんち,Battery,電池,noun
てんのう,Japanese emperor,天皇,noun
てんぷら,Tempura,天ぷら,noun
てんらんかい,art exhibition,展覧会,noun
でんわ,Telephone,電話,noun
でんわする,To call,電話する,irr-verb
でんわをかける,To make a phone call,電話をかける,ru-verb
と,Door,戸,noun
ドア,Door,null,noun
ドアがしまります。ごちゅういください,The doors are closing. Please be careful. (At the station),ドアが閉まります。ご注意ください,other
ドイツ,Germany,null,noun
トイレ,Toilet / Restroom,null,noun
とう,to question,問う,u-verb
とうか,ten days,十日,other
どうきゅうせい,classmate,同級生,noun
とうきょう,Tokyo,東京,noun
とうきょうえき,tokyo station,東京駅,noun
とうきょうまでのしていせきをいちまいおねがいします,One reserved ticket to Tokyo please. (At the station),東京までの指定席を一枚お願いします,other
どうぐ,tool,道具,noun
とうじ,at that time,当時,other
とうじ,Toji ( the name of a temple ),東寺,noun
どうし,verb,動詞,noun
どうじ,same time,同時,noun
どうしたらいい,What should one do,null,other
どうして,Why,null,other
どうしよう,What should I/we do?,null,other
どうぞ,Please / Here it is.,null,other
どうぞよろしくおねがいします,Thank you in advance.,どうぞよろしくお願いいたします,other
どうですか,How about . . . ? / How is . . . ?,null,other
どうどうとした（な）,dignified / imposing,堂々とした（な）,adjective
とうなんアジア,Southeast Asia,東南アジア,noun
どうぶつ,animal,動物,noun
どうぶつえん,zoo,動物園,noun
とうほく,Tohoku area,東北,noun
どうも,Thank you.,null,other
どうもありがとうございます。,Thank you very much.,null,other
どうやって,How / By what means,null,other
とうよう,The East,東洋,noun
どうりょう,colleague,同僚,noun
どうりょう,coworker,同僚,noun
とお,Ten,十,noun
とおい,far ( away ),遠い,adjective
とおか,10th day of the month,十日,noun
とおる,to go through / to pass,通る,u-verb
とおる,to pass / to go through,通る,u-verb
とき,when . . . / at the time of . . .,時,noun
ときどき,Sometimes,時々,other
とぐ,to sharpen,研ぐ,u-verb
どくしゃ,reader,読者,noun
とくしゅう,(magazine) feature,特集,noun
どくしょ,Reading books,読書,noun
とくしょく,Characteristics,特色,noun
とくちょう,characteristic,特徴,noun
とくに,especially,特に,other
とくべつ（な）,Special,特別（な）,adjective
とくべつ（な）,special,特別（な）,adjective
とけい,Watch / Clock,時計,noun
とけい,watch / clock,時計,noun
どこ,Where,null,noun
どこでも,anywhere,null,noun
ところ,Place,所,noun
ところが,however / on the contrary,null,other
ところで,By the way,null,other
とし,Year,年,noun
としうえ,being older,年上,noun
としょかん,Library,図書館,noun
とち,Land,土地,noun
どちら,where (polite),null,noun
どちら,Which,null,other
どちらでもいいです,Both are fine,null,other
とっきゅう,Super Express,特急,noun
とつぜん,suddenly,突然,other
どっち,Which,null,other
とても,Very,null,other
となり,Next (similar items),隣,other
となりのひとにきいてください,Ask the person sitting next to you,となりの人に聞いてください,other
とにかく,anyhow / anyway,null,other
どのぐらい,How much / How long,null,other
とぶ,to fly,飛ぶ,u-verb
トマト,Tomato,null,noun
とまる,(something) stops,止まる,u-verb
とまる,To stay ( at a hotel、 etc.),泊まる,u-verb
ともだち,Friend,友だち,noun
ともばたらき,Both Husband and wife working,共働き,other
どようび,Saturday,土曜日,noun
ドライブ,Drive,null,noun
とり,bird,鳥,noun
どりょく,endeavor,努力,noun
とる,To take (a class) / To get (a grade),取る,u-verb
とる,To take (a picture),撮る,u-verb
とる,To take off,null,u-verb
とる,To take(a class),null,u-verb
ドルをえんにかえてください, (At the bank) Please change dollars into yen.,ドルを円にかえてください,other
トレーナー,sweat shirt,null,noun
トロッコれっしゃ,small train usually for tourists,トロッコ列車,noun
どろぼう,thief / burglar,泥棒,noun
とんかつ,Pork Cutlet,null,noun
どんな,what kind of . . .,null,other
ない,there is no . . .,無い,other
ないか,internal medicine,内科,noun
ないか,Physician,内科,noun
なおす,To correct / to fix,直す,u-verb
なか,Inside,中,other
ながい,Long,長い,adjective
ながいあいだ,long time,長い間,noun
なかがいい,be on good or close terms / to get along well,仲がいい,adjective
ながの,nagano,長野,noun
なく,To cry,泣く,u-verb
なくす,To lose,null,u-verb
なぐる,to strike / to hit / to punch,殴る,u-verb
なさる,honorific for: する,null,u-verb
なぜ,why,null,other
なつ,Summer,夏,noun
なつかしい,to miss / long for,null,adjective
なつやすみ,summer vacation,夏休み,noun
ななつ,Seven,七つ,noun
ななにん／しちにん,Seven people,七人,noun
なにか,Something,何か,noun
なにも　＋Negative,not . . . anything,何も 　＋Negative,other
なのか,7th day of the month,七日,noun
なべ,pot,null,noun
なまえ,Name,名前,noun
なまえをつける,to name,名前をつける,ru-verb
なまけもの,lazy person,怠け者,noun
なやみ,Worry,悩み,noun
ならう,To learn,習う,u-verb
なる,To become,null,u-verb
なれる,to get used to . . .,慣れる,ru-verb
なん／なに,What,何,other
なんきょく,Antarctica,南極,noun
なんさいですか,How old are you?,null,other
なんじ,What time,何時,other
なんだか,somehow,null,other
なんでも,anything / everything,null,noun
なんども,many times,何度も,noun
なんども,many times,何度も,other
なんにちからなんぱくのごよやくですか,(At the hotel) How many nights、 starting from what day?,何日から何泊のご予約ですか,other
なんにちぐらいかかりますか,How many days will it take? (Post Office),何日ぐらいかかりますか。,other
なんにん,How many people,何人,other
なんめいさまですか,(At the hotel) How much is it for one night?,一泊いくらですか,other
に,Two,二,noun
にあう,To look good (on somebody),似合う,u-verb
にかげつまえ,Two months ago,二か月前,noun
にがつ,February,二月,noun
にぎやか（な）,Lively,null,adjective
にく,Meat,null,noun
にくや,meat shop,肉屋,noun
にげる,to run away / to escape,逃げる,ru-verb
にこにこする,to smile,null,irr-verb
にさんにち,for two to three days,二三日,other
にし,West,西,noun
にじ,Two o'clock,二時,noun
にじかん,Two hours,二時間,noun
にしぐち,West Exit,西口,noun
にじまでにもつをあずかってくれませんか,(At the hotel) Could you keep my luggage until 2 o'clock,に時まで荷物を預かってくれませんか,other
にしゅうかんまえ,Two weeks ago,二週間前,noun
にじゅうごさい,25 years old,二十五歳,noun
にしゅうめ,second week,二週目,noun
にだい,two vehicles/machines/etc.,二台,other
にちようび,Sunday,日曜日,noun
にっき,Diary,日記,noun
にねんせい,Second-year student,二年生,noun
にばんめ,the second,二番目,noun
にほん,Japan,日本,noun
にほんかい,the japan sea,日本海,noun
にほんご,Japanese,日本語,noun
にほんご,Japanese Language,日本語,noun
にほんじん,Japanese people,日本人,noun
にほんたいちゅうごく,japan versus china,日本対中国,noun
にもつ,Baggage,荷物,noun
ニヤクする,to grin,null,irr-verb
にゅういんする,nothing more than . . .,入院する,other
にゅうし,entrance exam,入試,noun
にゅうしゃ,Entry to a company,入社,noun
ニュース,news,null,noun
にわ,garden,庭,noun
にんき,Popularity,人気,noun
にんきがある,To be popular,人気がある,u-verb
にんぎょ,mermaid,人魚,noun
にんげん,Human Being,人間,noun
ぬいぐるみ,stuffed animal,null,noun
ぬぐ,to take off (clothes),脱ぐ,u-verb
ぬすむ,to steal / to rob,盗む,u-verb
ねがい,Wish,願い,noun
ネクタイ,necktie,null,noun
ねこ,Cat,猫,noun
ねだん,price,値段,noun
ねちゃくちゃ（な）,messy / disorganized,null,adjective
ねつがある,To have a fever,熱がある,u-verb
ねっしんな,enthusiastic,熱心な,adjective
ねむい,Sleepy,眠い,adjective
ねる,To (go to) sleep,寝る,ru-verb
ねん,Year,年,noun
ねんしゅうする,To practice,練習する,irr-verb
ねんど,Clay,粘土,noun
ねんまつ,year-end,年末,other
ノート,Notebook,null,noun
のこす,to leave,残す,u-verb
のこす,to leave / to preserve,残す,u-verb
のど,Throat,null,noun
のどがかわく,To become thirsty,のどが渇く,u-verb
のぼる,To climb,登る,u-verb
のぼる,To go up,上る,u-verb
のみもの,Drink,飲み物,noun
のむ,To drink,飲む,u-verb
のりおくれる,to miss ( a train、 bus、 etc),乗り遅れる,ru-verb
のりおくれる,to miss (transportation),乗り遅れる,ru-verb
のりかえ,Transfer,乗り換え,noun
のりもの,vehicle,乗り物,noun
のる,to ride,乗る,u-verb
のる,To ride / To board,乗る,u-verb
は,Tooth,歯,noun
ばあい,case,場合,noun
パーティー,Party,null,noun
バーベキュー,Barbecue,null,noun
パーマ,(Barber/Beauty Salon) permanent,null,noun
パーマをかける,(Barber/Beauty Salon) to have one's hair permed,null,ru-verb
はい,Yes (More formal),null,other
はい、ほけんしょうをみせてください。,Okay. Please show me your health insurance certificate. (Health and Illness / Doctor's Office),はい、保険証を見せてください。,other
はい。かしこまりました。,(At the hotel) Alright.,null,other
はいいろ,Gray,灰色,adjective
バイオリン,violin,null,noun
はいく,haiku,俳句,noun
バイク,motorcycle,null,noun
はいざら,ashtray,灰皿,noun
はいしゃ,dentist,歯医者,noun
はいたつ,delivery,配達,noun
ばいてん,Shop / Stand,売店,noun
ばいてん,stall,売店,noun
ばいてん,Stand / Stall,売店,noun
バイト,abreviation of アルバイト / Part - time job,null,noun
ばいばい,Selling and Buying,売買,noun
ハイヒール,high heels,null,noun
はいゆう,Actor / Actress,俳優,noun
はいる,To enter,入る,u-verb
バオオ,banana,null,noun
はがき,Postcard,葉書,noun
ばかにする,to insult / to make a fool of,null,irr-verb
はかる,to attempt,図る,u-verb
はかる,to measure,計る,ru-verb
はきました,I threw up,吐きました,other
はく,To put on (items below your waist),null,u-verb
はくし,Blank sheet,白紙,noun
ばくしょうする,to burst into laughter,爆笑する,irr-verb
はくちょう,Swan,白鳥,noun
はこぶ,to carry,運ぶ,u-verb
はし,Chopsticks,null,noun
はしご,ladders,null,noun
はじまる,(something) begins,始まる,ru-verb
はじまる,(Something) begins,始まる,u-verb
はじめ（な）,Serious / Sober / Diligent,null,noun
はじめて,first time,初めて,noun
はじめて,for the first time,初めて,other
はじめは,at first,初めは,noun
はじめは,at first,初めは,other
はじめまして,How do you do?,null,other
はじめる,To begin,始める,ru-verb
はじめる,to begin (something),始める,ru-verb
ばしょ,place,場所,noun
はしりがき,hasty writing,走り書き,noun
はしる,to run,走る,ru-verb
はしる,to run,走る,u-verb
バス,Bus,null,noun
はずかしい,embarrassing / to feel embarrassed,恥ずかしい,adjective
はずかしがりや,shy person,恥ずかしがり屋,noun
バスてい,Bus stop,バス停,noun
パソコン,Personal computer,null,noun
はたけ,Farm,畑,noun
はたち,20 Years old,null,other
はたち,20 years old,二十歳,noun
はたらく,To work,働く,u-verb
はたをおる,To weave,はたを織る,u-verb
はち,Eight,八,noun
はちがつ,August,八月,noun
はちじ,Eight o'clock,八時,noun
ばつ,Wrong,null,noun
はつおん,Pronunciation,発音,noun
はつこい,first love,初恋,noun
はっさい,Eight years old,八歳,noun
はっしんがあります,I have rashes,発疹があります,other
はっせん,Eight thousand,八千,noun
はっぴゃく,Eight hundred,八百,noun
はっぴょう,presentation,発表,noun
はっぴょうする,to make public / to give a presentation,発表する,irr-verb
はつめい,invention,発明,noun
はつゆき,first snow,初雪,noun
はな,flower,花,noun
はな,Nose,鼻,noun
はなし,chat / talk,話,noun
はなし,Talk / Story,話,noun
はなしをする,To have a talk,話す,irr-verb
はなしをする,to have a talk,話をする,irr-verb
はなす,To speak / To talk,話す,u-verb
はなび,fireworks,花火,noun
はなみ,Flower viewing,花見,noun
はなみずがでます,I have a runny nose.,花水が出ます,other
ハヌカー,Hanukkah,null,noun
はは,(my) mother,母,noun
はは,Mother,母,noun
ははおや,mother,母親,noun
ははのひ,Mother's day,母の日,noun
はやい,Early,早い,adjective
はやい,Fast,速い,adjective
はやおきする,To get up early,早起きする,irr-verb
はやく,(do something) early / Fast,早く／速く,other
はらいもどし,refund,払い戻し,noun
はらう,to pay,払う,u-verb
パリけいゆ,via paris,パリ経由,other
はる,Spring,春,noun
はる,to post / to stick,貼る,u-verb
はるまき,spring roll,春巻,noun
はれ,Sunny Weather,晴れ,noun
はれる,to become sunny,晴れる,ru-verb
バレンタインデー,St. Valentine's Day,null,noun
ハロウィーン,Halloween,null,noun
はん,Half,null,noun
パン,Bread,null,noun
はんがく,Half price,半額,noun
ばんぐみ,broadcast program,番組,noun
ばんぐみ,tv program,番組,noun
ばんけん,watch dog,番犬,noun
ばんごう,number,番号,noun
ばんごはん,Dinner,晩ご飯,noun
パンダ,panda,null,noun
はんたいする,to oppose / to object to,反対する,irr-verb
パンツ,Pants,null,noun
バンド,Band,null,noun
はんとし,Half a year,半年,noun
はんにん,criminal,犯人,noun
ハンバーガー,Hamburger,null,noun
はんぶん,Half,半分,noun
ひ,day,日,noun
ひ,Fire,火,noun
ピアノ,Piano,null,noun
ヒーター,heater,null,noun
ビール,Beer,null,noun
ひがし,East,東,noun
ひがしぐち,East Exit,東口,noun
ひく,To play ( a string instrument or piano),弾く,u-verb
ひげ,beard,null,noun
ひげをそる,to shave one's beard,null,u-verb
ひこうき,Airplane,飛行機,noun
ピザ,Pizza,null,noun
ひさしぶり,it has been a long time,久しぶり,other
ビジネス,Business,null,noun
びじゅつかん,Art Museum,美術館,noun
ひだり,Left,左,other
ひだりきき,Left-handed,左利き,noun
ひだりて,Left hand,左手,noun
ひだりにまがる,Turn left (Directions),左に曲がる,other
ひっかく,to scratch,null,u-verb
びっくりする,To be surprised,null,irr-verb
ひっこし,moving,引っ越し,noun
ひっこす,to move ( to another place),引っ越す,u-verb
ひっし,desperate,必死,other
ビデオカメラ,camcorder,null,noun
ひと,Person,人,noun
ひどい,awful,null,adjective
ひとつ,One,一つ,noun
ひとつめのしこうをみぎにまがる,Turn right at the first traffic light (Directions),一つ目の信号を右に曲がる,other
ひとびと,People,人々,noun
ひとり,One person,一人,other
ひとりぐらし,living alone,一人暮らし,noun
ひとりたび,Traveling Alone,一人旅,noun
ひとりで,Alone,一人で,other
ひふか,Dermatologist,皮膚科,noun
ひま（な）,Not busy / To have a lot of free time,暇（な）,adjective
ひみつ,secret tool,null,noun
ひゃく,Hundred,百,noun
ひゃくえん,One hundred yen,百円,noun
ひゃくえんだま,100-yen coin (At the bank),百円玉,other
ひゃくごじゅうえんになります。,It will be 150 yen. (Post Office),百五十円になります。,other
ひゃくまん,One million,百万,noun
ひよう,cost,費用,noun
びょういん,Beauty Parlor,美容院,noun
びょういん,Hospital,病院,noun
びょういん,Hospital,病院,noun
びょうき,Illness,病気,noun
ひょうげん,expression,表現,noun
ひょうし,Cover Page,表紙,noun
びょうしゃする,To describe,描写する,irr-verb
ひょうじゅんご,Standard Japanese,標準語,noun
ひらく,to open,開く,u-verb
ひる,Noon,昼,noun
ひるごはん,Lunch,昼ご飯,noun
ひるね,nap,昼寝,noun
ひるねをする,to take a nap,昼寝をする,irr-verb
ひるやすみ,lunch break,昼休み,noun
ひろい,spacious / wide,広い,adjective
ひろい,wide / spacious,広い,adjective
ひろう, to pick up (something),拾う,u-verb
ひろしま,hiroshima,広島,noun
ひろば,square / open space,広場,noun
びん,Flight,便,noun
ピンク,Pink,null,adjective
びんぼう（な）,poor,貧乏,adjective
ファイル,file / portfolio,null,noun
ふあん（な）,uneasy / worried,不安（な）,adjective
ブーツ,boots,null,noun
ふうふ,married couple / husband and wife,夫婦,noun
プール,swimming pool,null,noun
ぶか,subordinate,部下,noun
ふく,Clothes,服,noun
ふくしゅう,review of a lesson,復習,noun
ふくつう,stomachache,腹痛,noun
ふけいき,recession,不景気,noun
ふこう,misfortune,不幸,noun
ふしぎ（な）,Mysterious,不思議（な）,noun
ふじさん,Mt. Fuji,富士山,noun
ぶたい,stage,舞台,noun
ふたつ,Two,二つ,noun
ふたつめのかどをひだりにまがる,Turn left at the second corner (Directions),二つ目の角を左に曲がる,other
ぶたにく,pork,豚肉,noun
ふたり,Two people,二人,other
ふたりずつ,Two people each,二人ずつ,noun
ぶちょう,department manager,部長,noun
ふつう,Local,普通,noun
ふつか,2nd day of the month,二日,noun
ふつか,two days,二日,other
ぶっか,(consumer prices),物価,noun
ふつかかん,for two days,二日間,noun
ふつかかん,Two days,二日間,noun
ふつかよい,Hangover,二日酔い,noun
ふとっています,to be on the heavy side,太っています,u-verb
ふとる,To gain weight,太る,u-verb
ふなびん,Surface mail,船便,noun
ふね,Ship / Boat,船,noun
ふべん,inconvenience,不便,noun
ふべん（な）,inconvenient,不便（な）,adjective
ふぼ,Father and Mother,父母,noun
ふむ,to step on,踏む,u-verb
ふゆ,Winter,冬,noun
ふゆやすみ,winter break,冬休み,noun
ふる,to turn down (somebody) / to reject / to jilt,null,u-verb
ふるい,Old (for things),古い,adjective
ぶれいな,rude,無礼な,adjective
プレセント,Present,null,noun
ブロー,(Barber/Beauty Salon) blow-dry,null,noun
プロジェクト,project,null,noun
プロポーズする,to propose marriage,null,irr-verb
フロント,(At the hotel) receptionist / front desk,null,noun
ぶんか,Culture,文化,noun
ぶんがく,Literature,文学,noun
ぶんかつばらい,payment in installments,分割払い,noun
ぶんぽう,Grammar,文法,noun
ぶんめい,Civilization,文明,noun
ぶんや,field / realm,分野,noun
ぶんや,realm / field,分野,noun
へいわ,peace,平和,noun
へいわきねんしりょうか,Peace memorial Museum,平和記念資料館,noun
ページ,Page,null,noun
へた (な),Poor at,下手な,adjective
へた（な）,Clumsy / poor at,へた（な）,adjective
ペット,pet,null,noun
べつに　＋Negative,Nothing in particular,別に　＋Negative,other
べつに　＋Negative,Nothing in particular,別に　＋Negative,other
べつべつに,Separately,別々に,noun
へや,Room,部屋,noun
ぺらぺら（な）,fluent,null,adjective
ペン,Pen,null,noun
へん（な）,strange / unusual,変,adjective
べんきょうする,To study,勉強する,irr-verb
べんごし,lawyer,弁護士,noun
へんじ,Reply,返事,noun
べんぴです,I am constipated.,便秘です,other
へんぴんする,to return (merchandise),返品する,irr-verb
べんり（な）,Convenient,便利（な）,adjective
ほ（う）っておく,to leave (someone/something) alone / to neglect,放っておく,u-verb
ほうげん,Dialect,方言,noun
ぼうし,Hat / Cap,null,noun
ほうそう,broadcast,放送,noun
ぼうねんかい,year-end party,忘年会,noun
ほうほう,method,方法,noun
ほうもん,visit,訪問,noun
ホームシック,Homesickness,null,noun
ホームステイ,Homestay / Living with a local family,null,noun
ホームレス,homeless,null,noun
ボール,ball,null,noun
ほかに,anything else,null,other
ほかの,other,null,other
ぼく,I (used by men),僕,noun
ほくせい,Northwest,北西,noun
ポケット,pocket,null,noun
ほけん,insurance,保険,noun
ほけんにはいる,To buy insurance,保険に入る,u-verb
ぼご,Mother Tounge,母語,noun
ぼしゅう,recruitment,募集,noun
ポスター,poster,null,noun
ホストファミリー,Host Family,null,noun
ほっかいどう,Hokkaido,北海道,noun
ほっきょく,North Pole,北極,noun
ポップコーン,popcorn,null,noun
ホテル,Hotel,null,noun
ほどう,sidewalk,歩道,noun
ボブ・マーリーみたいなかみがたにしたいんですが,(Barber/Beauty Salon) I want my hair to be like bob marley's,ボブﾞ・マーリーみたいな髪形にしたいんですが,other
ほほえむ,to smile,微笑む,u-verb
ほめる,to praise / to say nice things,null,ru-verb
ホワイトデー,White Day,null,noun
ほん,Book,本,noun
ホンコン,hong kong,香港,noun
ほんとうですか,Really?,本当ですか,other
ほんとうに,really,本当に,noun
ほんとうに,really,本当に,other
ほんとうは,in fact / originally,本当は,other
ほんね,real intention,本音,noun
ほんや,Bookstore,本屋,noun
ほんやくする,to translate,翻訳する,irr-verb
まあまあ,okay / so-so,null,other
まいあさ,Every morning,毎朝,noun
まいあさ,every morning,毎朝,other
まいしゅう,Every week,毎週,noun
まいすう,number of flat things,枚数,noun
まいつき,every month,毎月,noun
マイナス,Minus,null,noun
まいにち,Every day,毎日,noun
まいねん／まいとし,Every year,毎年,noun
まいばん,Every night,毎晩,noun
まいる,Extra-modest expression for いく／くる,参る,u-verb
まえ,before . . .,前,other
まえ,Before / Front,前,noun
まえ,Front,前,other
まえうり,Advance sale,前売り,noun
まえがみ,(Barber/Beauty Salon) bangs,前髪,noun
まがる,To turn (right/left),まがる曲がる,u-verb
まける,to lose ( a match),負ける,ru-verb
まことに,really (very polite),誠に,other
まじめ（な）,serious / sober / diligent,null,adjective
まず,first of all,null,other
また,Again,null,other
また,in addition,null,other
まだ,still,null,other
まだ　＋Negative,Not . . . yet,null,other
またせる,to keep (someone) waiting,待たせる,ru-verb
まち,Town; city,町,noun
まちあいしつ,waiting room,待合室,noun
まちあいしつ,waiting room,待合室,noun
まちがい,mistake,間違い,noun
まちがえる,to make a mistake,間違える,ru-verb
まちどおしい,to wait eagerly for,待ち遠しい,other
まつ,To wait,待つ,u-verb
まっすぐ,Straight,null,noun
まっすぐいって、みっつめのかどをみぎにまがってください。ゆうびんきょくはみちにありますよ,Go straight and turn right at the third corner. The post office is on the right. (Directions),まっすぐ行って、三つ目の角を右に曲がってください。郵便局は右側にありますよ。,other
まったく,entirely,全く,noun
まと,target,的,noun
まど,Window,窓,noun
まどぐち,Counter,窓口,noun
まなぶ,To study,学ぶ,u-verb
まにあう,to be in time,間に合う,u-verb
マフラー,Winter scarf,null,noun
まもなくはっしゃします,We will be Leaving soon (At the station),まもなく発車します,other
まよなか,midnight,真夜中,noun
まる,Correct,null,noun
まるい,Round,円い,noun
まわす,to turn,回す,u-verb
まんいんでんしゃ,Jam-packed train,満員電車,noun
まんが,Comic,漫画,noun
まんが,Comic book,漫画,noun
まんがか,Cartoonist,漫画家,noun
マンション,multistory apartment building / condominium,null,noun
まんなか,center,真ん中,noun
みえる,To be visible,見える,ru-verb
みがく,To brush (teeth) / to polish,磨く,u-verb
みかた,person on one's side,味方,noun
みかん,mandarin orange,null,noun
みぎ,Right (directional),右,other
みぎがわ,Right side,右側,noun
みぎて,Right hand,右手,noun
みぎにまがる,Turn right (Directions),右に曲がる,other
みこん,unmarried,未婚,noun
みじかい,short (length),短い,adjective
みず,Water,水,noun
みずいろ,Light Blue,水色,adjective
みずうみ,Lake,湖,noun
みずぎ,Bathing suit,水着,noun
みずぶそく,lack of water,水不足,noun
みずぶそく,lack of water,水不足,other
みせ,shop,店,noun
みせる,to show,見せる,ru-verb
みそ,soybean paste,味噌,noun
みち,Way / Road,道,noun
みち,way / road / directions,道,noun
みちにまよう,To become lost / to lose one's way,道に迷う,u-verb
みちのひだりがわ,Left side of the street (Directions),道の左側,other
みちのみぎがわ,Right side of the street (Directions),道の右側,other
みちをわたる,Cross the street (Directions),道を渡る,other
みっか,3rd day of the month,三日,noun
みっか,Three days,三日,noun
みっか,three days,三日,other
みつかる,to be found,見つかる,u-verb
みつける,To find,見つける,ru-verb
みっつ,Three,三つ,noun
みどり,Green,緑,adjective
みどり,green,緑,noun
みどりのセーター,Green Sweater,緑のセーター,noun
みなさま,everyone,皆様,noun
みなさま,everyone ( polite expression of みなさん),みな様,noun
みなさん,everyone / all of you,皆さん,noun
みなと,port,港,noun
みなみ,South,南,noun
みなみぐち,South exit,南口,noun
みみ,Ear,耳,noun
みょうじ,Family Name,名字,noun
みらい,future,未来,noun
みる,To see / To look at / To watch,見る,ru-verb
みんぞく,race,民族,noun
みんとう,Southeast,南東,noun
みんな,All,null,noun
みんなで,All (of the people) together,null,other
むいか,6th day of the month,六日,noun
むいか,six days,六日,other
むかえにいく,to go to pick up,迎えに行く,u-verb
むかえにくる,to come to pick up,迎えに来る,irr-verb
むかし,old days,昔,noun
むかし,old days / past,昔,noun
むかし,Old times,昔,noun
むかしはなし,Old tale,昔話,noun
むかしむかし,Once upon a time,昔々,other
むこう,The other side / Over there,向こう,noun
むし,insect,虫,noun
むしばがあります,I have a bad tooth.,虫歯があります,other
むしめがね,magnifying glass,虫めがね,noun
むずかしい,Difficult,難しい,adjective
むすぶ,to tie a knot,結ぶ,u-verb
むすめ,Daughter,娘,noun
むだづかい,waste(money),無駄遣い,noun
むだな,wasteful,無駄な,adjective
むっつ,Six,六つ,noun
むね,Breast / Chest,胸,noun
むぶり,gesture,身ぶり,noun
むらさき,Purple,紫,adjective
むり（な）,impossible,無理（な）,adjective
むりょう,free of charge,無料,noun
め,Eye,目,noun
メアリーさんはきんぱつです,Mary has blonde hair,メアリーさんは金髪です,other
めいし,Name card,名刺,noun
めいしん,superstition,迷信,noun
めうえのひと,one's superiors,目上の人,noun
メール,E-mail,null,noun
めがね,glasses,眼鏡,noun
めぐすり,eye drops,目薬,noun
めざましどけい,alarm clock,目覚まし時計,noun
めしあがる,honorific expression for たべる/のむ,召し上がる,u-verb
めずらしい,rare,null,adjective
めったに～ない,seldom,null,other
メニュー,Menu,null,noun
めまいがします,I feel dizzy,null,other
めんきょ,license,免許,noun
もう,Already,null,other
もう～ない,not any longer,null,other
もういちど,one more time,もう一度,other
もういちどいってください,Please say it again.,null,other
もうしこみ,application,申し込み,noun
もうしわけありません,you have me apologies.,申し訳ありません,other
もうす,Extra-modest expression for いう,申す,u-verb
もうすぐ,Very soon / in a few moments or days,null,other
もうすこし,a little more,もう少し,other
もうどうけん,seeing-eye dog,盲導犬,noun
もくじ,Table of contents,目次,noun
もくてき,purpose,目的,noun
もくようび,Thursday,木曜日,noun
もじ,Character,文字,noun
もじ,letter / character,文字,noun
もし～たら,if . . .,null,other
もしもし,Hello? (used on the phone),null,other
もちぬし,owner,持ち主,noun
もちろん,Of course,null,other
もつ,To carry / To hold,持つ,u-verb
もつ,To hold,持つ,u-verb
もっていく,To take (a thing),持っていく,u-verb
もってくる,To bring (a thing),持ってくる,irr-verb
もってくる,To bring (a thing),持ってくる,irr-verb
もっと,more,null,other
もっとも,most,最も,other
もてる,to be popular( in terms of romantic interest),null,ru-verb
もどる,to return / to go back,戻る,u-verb
もの,Thing ( concrete object),物,noun
もみあげ,(Barber/Beauty Salon) sideburns,null,noun
もんく,complaint,文句,noun
もんくをいう,to complain,文句を言う,u-verb
もんだい,problem / question,問題,noun
やきとり,grilled chicken,焼き鳥,noun
やきゅう,Baseball,野球,noun
やきゅうせんしゃ,Baseball Player,野球選手,noun
やく,to bake / to burn / to grill,焼,u-verb
やくざ,yakuza / gangster,null,noun
やくす,to translate,訳す,u-verb
やくそく,promise / appointment,約束,noun
やくそくをまもる,To keep a promise,約束を守る,u-verb
やけどをしました,I burned myself,null,other
やさい,vegetable,野菜,noun
やさしい,Easy (problem) / Kind (person),null,adjective
やすい,cheap,安い,adjective
やすい,Inexpensive / Cheap (thing),安い,adjective
やすみ,Holiday / Day off / Absence,休み,noun
やすむ,To be absent / To rest,休む,u-verb
やすむ,To be absent from ( with particle) / To rest (without particle),休む,u-verb
やせています,To be thin,null,ru-verb
やせる,To lose weight,null,ru-verb
やちん,rent,家賃,noun
やった！,I did it !,null,other
やっつ,Eight,八つ,noun
やっぱり,after all,null,other
やど,inn,宿,noun
やま,Mountain,山,noun
やまかわさん,Mr./Ms. Yamakawa,山川さん,noun
やまださん,Mr./Ms. Yamada,山田さん,noun
やまみち,Mountain road,山道,noun
やまもとさん,Mr./Mrs. Yamamoto,山本さん,noun
やめてください,Please stop,null,other
やめる,To quit,null,ru-verb
やる,To do / To perform,null,u-verb
やる,to give (to pets / plants / younger siblings、 etc.),null,u-verb
ゆうがた,evening,夕方,noun
ゆうかん,evening newspaper,夕刊,noun
ゆうき,courage,勇気,noun
ゆうじょう,Friendship,友情,noun
ゆうしょく,dinner,夕食,noun
ゆうじん,Friend,友人,noun
ゆうひ,setting sun,夕日,noun
ゆうびんきょく,Post Office,null,noun
ゆうめい（な）,Famous,有名（な）,adjective
ゆうめいじん,Celebrity,有名人,noun
ゆうりょう,Toll / Fee,有料,noun
ゆき,Snow,雪,noun
ゆきだるま,snowman,雪だるま,noun
ゆしゅつ,Export,輸出,noun
ゆっくり,Slowly / Leisurely / Unhurriedly,null,other
ゆっくりいってください,Please say it slowly.,null,other
ゆにゅう,Import,輸入,noun
ゆのう（な）,Talented,有能（な）,adjective
ゆび,Finger,指,noun
ゆびわ,ring,指輪,noun
ゆめ,Dream,夢,noun
よあけ,Dawn,夜明け,noun
よういする,to prepare,用意する,irr-verb
ようか,8th day of the month,八日,noun
ようか,eight days,八日,other
ようこそ,welcome,null,other
ようじ,a thing to take care of,用事,noun
ようじ,Business to take care of,用事,noun
ようしょく,western food,洋食,noun
ようす,manner,様子,noun
ようつう,lower back pain,腰痛,noun
ようび,Day of the week,曜日,noun
ようふく,(western) clothes,洋服,noun
ヨーロッパ,europe,null,noun
よかったら,if you like,null,other
よきん,Savings (At the bank),預金,other
よく,Often / Much,null,other
よく,well,null,other
よくうする,To reserve,予約する,irr-verb
よこ,(Barber/Beauty Salon) Side(of head),横,noun
よこ,Next (item type doesn't matter),null,other
よごす,to make dirty,汚す,u-verb
よごれる,to become dirty,汚れる,ru-verb
よじ,Four o'clock,四時,noun
よしゅう,preparation of lessons,予習,noun
よっか,4th day of the month,四日,noun
よっか,four days,四日,other
よっつ,Four,四つ,noun
よてい,schedule / plan,予定,noun
よなか,Middle of night,夜中,noun
よねんせい,Fourth-year student,四年生,noun
よのなか,the society,世の中,noun
よぶ,to call (one's name),呼ぶ,u-verb
よぶ,to invite,呼ぶ,u-verb
よみかた,way of reading,読み方,noun
よみもの,Reading matter,読み物,noun
よむ,To read,読む,u-verb
よやく,Reservation,予約,noun
よる,Night,夜,noun
よる,to stop by,寄る,u-verb
よろしかったら,if it is okay (polite),null,other
よろしくおつたえください,please give my best regards (to . . .),よろしくお伝えください,other
よろしくおねがいします,Nice to meet you,null,other
よわい,weak,弱い,adjective
よん,Four,四,noun
よんできてください,Read it before coming to class,読んできてください,other
らいがっき,Next semester,来学期,noun
らいげつ,Next month,来月,noun
らいしゅう,Next week,来週,noun
らいしゅうのきんようびからさんぱくです,(At the hotel) Three nights from next Friday,来週の金曜日から三泊です,other
らいにち,Visit to Japan,来日,noun
らいねん,Next Year,来年,noun
らく（な）,easy / comfortable,楽（な）,adjective
らくご,comic monologue,落語,noun
らくごか,comic storyteller,落語家,noun
ラジオ,radio,null,noun
ラッシュ,The rush hour,null,noun
ラマダン,Ramadan,null,noun
りきし,sumo wrestler,力士,noun
りこん,divorce,離婚,noun
りこんする,to get a divorce,離婚する,ru-verb
りゆう,reason,理由,noun
りゅうがくする,To study abroad,留学する,irr-verb
りゅうがくせい,International Student,null,noun
りゅがくせい,foreign students,留学生,noun
りょう,a unit of currency used in the edo period,両,noun
りょう,dormitory,寮,noun
りょうがえ,exchange,両替,noun
りょうきん,Charge,料金,noun
りょうしん,parents,両親,noun
りょうて,both hands,両手,noun
りょうほう,both,両方,other
りょうり,cooking,料理,noun
りょうりする,To cook,料理する,irr-verb
りょかん,Japanese Inn,旅館,noun
りょけん,Passport,旅券,noun
りょこう,Travel,旅行,noun
りょこうがいしゃ,travel agency,旅行会社,noun
りょこうする,To travel,旅行する,irr-verb
りれきしょ,resume,履歴書,noun
りんご,Apple,null,noun
ルーメート,Roommate,null,noun
るす,absence / not at home,留守,noun
るすばんでんわ,answering machine,留守番電話,noun
れい,Example,例,noun
れいぞうこ,refrigerator,冷蔵庫,noun
れきし,History,null,noun
レストラン,Restaurant,null,noun
レポート,(term) paper,null,noun
れんきゅう,Consecutive holidays,連休,noun
れんしゅう,Exercise,練習,noun
れんしゅう,practice,練習,noun
れんぞくドラマ,serial tv drama,連続ドラマ,noun
レントゲン,X-ray,null,noun
れんらくする,to contact,連絡する,irr-verb
ろうそく,candle,null,noun
ろうどう,Labor,労働,noun
ろく,Six,六,noun
ろくがつ,June,六月,noun
ろくじ,Six o'clock,六時,noun
ろっぴゃく,Six hundred,六百,noun
ろっぷん,Six minutes,六分,noun
ロボット,robot,null,noun
ワイン,Wine,null,noun
わかい,Young,若い,adjective
わかもの,Young people,若者,noun
わかりました,I understand. / I understood.,null,other
わかりました。,I see.,null,other
わかりましたか,Do you understand?,null,other
わかりません,I don't understand. / I don't know.,null,other
わかる,To understand,null,u-verb
わかれる,To break up / To separate,心配する,ru-verb
わかれる,To separate,別れる,ru-verb
わかわかしい,youthful,若々しい,adjective
わけめ,(Barber/Beauty Salon) (hair) parting,分け目,noun
わける,To divide,分ける,u-verb
わし,Japanese Paper,和紙,noun
わすれもの,lost article,忘れ物,noun
わすれる,To forget / To leave behind,忘れる,ru-verb
わだい,topic of conversation,話題,noun
わたし,I,私,noun
わたしく,I (formal),私,noun
わたしたち,We,私たち,noun
わたす,to give / to hand,渡す,u-verb
わふう,japanese style,和風,noun
わふく,Japanese clothes,和服,noun
わらう,to laugh,笑う,u-verb
わりびきけん,discount coupon,割引券,noun
わるい,Bad,悪い,adjective
ワンルームマンション,one-room apartment / a studio,null,noun
,,,
,,,
,,,
,,,
,,,
,,,
,,,
,,,
,,,
,,,
,,,
,,,
,,,
,,,
,,,
,,,
,,,
,,,
,,,
,,,
,,,
,,,
,,,
,,,
,,,
,,,
,,,
,,,
,,,
,,,
,,,
,,,
,,,
,,,
,,,
,,,
,,,
,,,
,,,
,,,
,,,
,,,
,,,
,,,
,,,
,,,
,,,
,,,
,,,
,,,
,,,
,,,
,,,
,,,
,,,
,,,
,,,
,,,
,,,
,,,
,,,
,,,
,,,
,,,
,,,
,,,
,,,
,,,
,,,
,,,
,,,
,,,
,,,
,,,
,,,
,,,
,,,
,,,
,,,
,,,
,,,
,,,
,,,
,,,
,,,
,,,
,,,
,,,
,,,
,,,
,,,
,,,
,,,
,,,
,,,
,,,
,,,
,,,
,,,
,,,
,,,
,,,
,,,
,,,
,,,
,,,
,,,
,,,
,,,
,,,
,,,
,,,
,,,
,,,
,,,
,,,
,,,
,,,
,,,
,,,
,,,
,,,
,,,
,,,
,,,
,,,
,,,
,,,
,,,
,,,
,,,
,,,
,,,
,,,
,,,
,,,
,,,
,,,
,,,
,,,
,,,
,,,
,,,
,,,
,,,
,,,
,,,
,,,
,,,
,,,
,,,
,,,
,,,
,,,
,,,
,,,
,,,
,,,
,,,
,,,
,,,
,,,
,,,
,,,
,,,
,,,
,,,
,,,
,,,
,,,
,,,
,,,
,,,
,,,
,,,
,,,
,,,
,,,
,,,
,,,
,,,
,,,
,,,
,,,
,,,
,,,
,,,
,,,
,,,
,,,
,,,
,,,
,,,
,,,
,,,
,,,
,,,
,,,
,,,
,,,
,,,
,,,
,,,
,,,
,,,
,,,
,,,
,,,
,,,
,,,
,,,
,,,
,,,
,,,
,,,
,,,
,,,
,,,
,,,
,,,
,,,
,,,
,,,
,,,
,,,
,,,
,,,
,,,
,,,
,,,
,,,
,,,
,,,
,,,
,,,
,,,
,,,
,,,
,,,
,,,
,,,
,,,
,,,
,,,
,,,
,,,
,,,
,,,
,,,
,,,
,,,
,,,
,,,
,,,
,,,
,,,
,,,
,,,
,,,
,,,
,,,
,,,
,,,
,,,
,,,
,,,
,,,
,,,
,,,
,,,
,,,
,,,
,,,
,,,
,,,
,,,
,,,
,,,
,,,
,,,
,,,
,,,
,,,
,,,
,,,
,,,
,,,
,,,
,,,
,,,
,,,
,,,
,,,
,,,
,,,
,,,
,,,
,,,
,,,
,,,
,,,
,,,
,,,
,,,
,,,
,,,
,,,
,,,
,,,
,,,
,,,
,,,
,,,
,,,
,,,
,,,
,,,
,,,
,,,
,,,
,,,
,,,
,,,
,,,
,,,
,,,
,,,
,,,
,,,
,,,
,,,
,,,
,,,
,,,
,,,
,,,
,,,
,,,
,,,
,,,
,,,
,,,
,,,
,,,
,,,
,,,
,,,
,,,
,,,
,,,
,,,
,,,
,,,
,,,
,,,
,,,
,,,
,,,
,,,
,,,
,,,
,,,
,,,
,,,
,,,
,,,
,,,
,,,
,,,
,,,
,,,
,,,
,,,
,,,
,,,
,,,
,,,
,,,
,,,
,,,
,,,
